date,priceArea,productionGroup,quantityKwh_sum,quantityKwh_mean
2025-10-22,NO1,HYDRO,11417740.8,2283548.16
2025-10-22,NO1,OTHER,117.02799999999999,23.4056
2025-10-22,NO1,SOLAR,1950.554,390.11080000000004
2025-10-22,NO1,THERMAL,51373.58,10274.716
2025-10-22,NO1,WIND,413418.75,82683.75
2025-10-22,NO2,*,0.0,0.0
2025-10-22,NO2,HYDRO,34428431.5,6885686.3
2025-10-22,NO2,OTHER,302.769,60.5538
2025-10-22,NO2,SOLAR,678.919,135.78379999999999
2025-10-22,NO2,THERMAL,86695.1,17339.02
2025-10-22,NO2,WIND,58826.66,11765.332
2025-10-22,NO3,HYDRO,14496158.2,2899231.6399999997
2025-10-22,NO3,OTHER,203.404,40.6808
2025-10-22,NO3,SOLAR,61.534,12.306799999999999
2025-10-22,NO3,THERMAL,25357.59,5071.518
2025-10-22,NO3,WIND,1678032.21,335606.442
2025-10-22,NO4,HYDRO,15643357.5,3128671.5
2025-10-22,NO4,OTHER,98.732,19.7464
2025-10-22,NO4,SOLAR,0.003,0.0006000000000000001
2025-10-22,NO4,THERMAL,854714.0,170942.8
2025-10-22,NO4,WIND,1139323.88,227864.77599999998
2025-10-22,NO5,*,0.006,0.0012000000000000001
2025-10-22,NO5,HYDRO,16888838.6,3377767.72
2025-10-22,NO5,OTHER,0.0,0.0
2025-10-22,NO5,SOLAR,219.017,43.803399999999996
2025-10-22,NO5,THERMAL,102679.955,20535.991
2025-10-22,NO5,WIND,0.0,0.0
2025-10-23,NO1,HYDRO,55627515.4,2317813.1416666666
2025-10-23,NO1,OTHER,883.822,36.825916666666664
2025-10-23,NO1,SOLAR,54752.178,2281.34075
2025-10-23,NO1,THERMAL,244615.91,10192.329583333334
2025-10-23,NO1,WIND,1646541.483,68605.895125
2025-10-23,NO2,*,0.0,0.0
2025-10-23,NO2,HYDRO,130425883.8,5434411.825
2025-10-23,NO2,OTHER,8132.454,338.85224999999997
2025-10-23,NO2,SOLAR,34385.701,1432.7375416666666
2025-10-23,NO2,THERMAL,383301.784,15970.907666666666
2025-10-23,NO2,WIND,13079793.618,544991.40075
2025-10-23,NO3,HYDRO,74917507.4,3121562.8083333336
2025-10-23,NO3,OTHER,961.696,40.07066666666667
2025-10-23,NO3,SOLAR,4810.213,200.42554166666665
2025-10-23,NO3,THERMAL,123073.17,5128.04875
2025-10-23,NO3,WIND,4494768.174,187282.00725
2025-10-23,NO4,HYDRO,74671171.4,3111298.8083333336
2025-10-23,NO4,OTHER,536.06,22.33583333333333
2025-10-23,NO4,SOLAR,54.156,2.2565
2025-10-23,NO4,THERMAL,4004381.0,166849.20833333334
2025-10-23,NO4,WIND,3910251.46,162927.14416666667
2025-10-23,NO5,*,8.922,0.37175
2025-10-23,NO5,HYDRO,81605269.8,3400219.5749999997
2025-10-23,NO5,OTHER,119.543,4.980958333333334
2025-10-23,NO5,SOLAR,10097.254,420.7189166666667
2025-10-23,NO5,THERMAL,458794.84,19116.451666666668
2025-10-23,NO5,WIND,1.729,0.07204166666666667
2025-10-24,NO1,HYDRO,55710017.7,2321250.7375000003
2025-10-24,NO1,OTHER,1116.824,46.534333333333336
2025-10-24,NO1,SOLAR,13920.328,580.0136666666666
2025-10-24,NO1,THERMAL,265221.438,11050.893250000001
2025-10-24,NO1,WIND,5526525.87,230271.91125
2025-10-24,NO2,HYDRO,71674867.8,2986452.8249999997
2025-10-24,NO2,OTHER,1544.903,64.37095833333333
2025-10-24,NO2,SOLAR,14724.173999999999,613.50725
2025-10-24,NO2,THERMAL,360984.69,15041.02875
2025-10-24,NO2,WIND,13775698.96,573987.4566666667
2025-10-24,NO3,HYDRO,64641488.6,2693395.3583333334
2025-10-24,NO3,OTHER,925.757,38.57320833333333
2025-10-24,NO3,SOLAR,2059.3199999999997,85.80499999999999
2025-10-24,NO3,THERMAL,220722.33000000002,9196.76375
2025-10-24,NO3,WIND,13983060.31,582627.5129166667
2025-10-24,NO4,HYDRO,75458878.4,3144119.9333333336
2025-10-24,NO4,OTHER,391.0,16.291666666666668
2025-10-24,NO4,SOLAR,112.657,4.694041666666666
2025-10-24,NO4,THERMAL,4704998.0,196041.58333333334
2025-10-24,NO4,WIND,6144173.08,256007.21166666667
2025-10-24,NO5,*,0.035,0.0014583333333333334
2025-10-24,NO5,HYDRO,52020461.7,2167519.2375000003
2025-10-24,NO5,OTHER,2.287,0.09529166666666666
2025-10-24,NO5,SOLAR,589.818,24.57575
2025-10-24,NO5,THERMAL,500401.927,20850.08029166667
2025-10-24,NO5,WIND,0.004,0.00016666666666666666
2025-10-25,NO1,HYDRO,58500559.3,2437523.3041666667
2025-10-25,NO1,OTHER,1479.485,61.64520833333333
2025-10-25,NO1,SOLAR,58255.455,2427.310625
2025-10-25,NO1,THERMAL,289919.669,12079.986208333334
2025-10-25,NO1,WIND,1850983.57,77124.31541666666
2025-10-25,NO2,HYDRO,57845844.6,2410243.525
2025-10-25,NO2,OTHER,2636.54,109.85583333333334
2025-10-25,NO2,SOLAR,45765.119999999995,1906.8799999999999
2025-10-25,NO2,THERMAL,390414.788,16267.282833333333
2025-10-25,NO2,WIND,6146273.68,256094.73666666666
2025-10-25,NO3,HYDRO,47533289.7,1980553.7375
2025-10-25,NO3,OTHER,1756.94,73.20583333333333
2025-10-25,NO3,SOLAR,8818.07,367.4195833333333
2025-10-25,NO3,THERMAL,535772.81,22323.867083333334
2025-10-25,NO3,WIND,26975014.59,1123958.94125
2025-10-25,NO4,HYDRO,57406950.3,2391956.2624999997
2025-10-25,NO4,OTHER,536.6560000000001,22.36066666666667
2025-10-25,NO4,SOLAR,38.766,1.6152499999999999
2025-10-25,NO4,THERMAL,4406788.0,183616.16666666666
2025-10-25,NO4,WIND,14119803.44,588325.1433333333
2025-10-25,NO5,*,3.8529999999999998,0.16054166666666667
2025-10-25,NO5,HYDRO,40910617.8,1704609.075
2025-10-25,NO5,OTHER,279.51500000000004,11.646458333333335
2025-10-25,NO5,SOLAR,7583.663,315.9859583333333
2025-10-25,NO5,THERMAL,495817.441,20659.060041666668
2025-10-25,NO5,WIND,0.494,0.020583333333333332
2025-10-26,NO1,HYDRO,60837679.4,2534903.308333333
2025-10-26,NO1,OTHER,926.992,38.62466666666666
2025-10-26,NO1,SOLAR,79604.672,3316.8613333333337
2025-10-26,NO1,THERMAL,279904.46,11662.685833333335
2025-10-26,NO1,WIND,383813.98,15992.249166666666
2025-10-26,NO2,HYDRO,59217230.9,2467384.620833333
2025-10-26,NO2,OTHER,2171.045,90.46020833333334
2025-10-26,NO2,SOLAR,115276.348,4803.181166666666
2025-10-26,NO2,THERMAL,402375.95,16765.664583333335
2025-10-26,NO2,WIND,4246704.316,176946.01316666664
2025-10-26,NO3,HYDRO,50757938.3,2114914.095833333
2025-10-26,NO3,OTHER,984.722,41.03008333333333
2025-10-26,NO3,SOLAR,2366.377,98.59904166666666
2025-10-26,NO3,THERMAL,556712.91,23196.37125
2025-10-26,NO3,WIND,3322621.033,138442.54304166665
2025-10-26,NO4,HYDRO,60734734.4,2530613.933333333
2025-10-26,NO4,OTHER,476.8,19.866666666666667
2025-10-26,NO4,SOLAR,20.352,0.848
2025-10-26,NO4,THERMAL,1243366.0,51806.916666666664
2025-10-26,NO4,WIND,17426967.87,726123.66125
2025-10-26,NO5,*,0.074,0.0030833333333333333
2025-10-26,NO5,HYDRO,43760070.4,1823336.2666666666
2025-10-26,NO5,OTHER,61.469,2.5612083333333335
2025-10-26,NO5,SOLAR,4402.506,183.43775000000002
2025-10-26,NO5,THERMAL,481976.667,20082.361125
2025-10-26,NO5,WIND,0.573,0.023874999999999997
2025-10-27,NO1,HYDRO,63688589.3,2653691.220833333
2025-10-27,NO1,OTHER,952.79,39.69958333333333
2025-10-27,NO1,SOLAR,70267.556,2927.8148333333334
2025-10-27,NO1,THERMAL,155607.74,6483.655833333333
2025-10-27,NO1,WIND,433456.271,18060.677958333334
2025-10-27,NO2,HYDRO,131917333.5,5496555.5625
2025-10-27,NO2,OTHER,4487.013,186.958875
2025-10-27,NO2,SOLAR,90231.968,3759.665333333333
2025-10-27,NO2,THERMAL,382421.231,15934.217958333335
2025-10-27,NO2,WIND,8720792.901,363366.370875
2025-10-27,NO3,HYDRO,60178493.5,2507437.2291666665
2025-10-27,NO3,OTHER,887.615,36.983958333333334
2025-10-27,NO3,SOLAR,1905.135,79.380625
2025-10-27,NO3,THERMAL,514280.32,21428.346666666668
2025-10-27,NO3,WIND,11039483.084,459978.46183333336
2025-10-27,NO4,HYDRO,81675111.4,3403129.641666667
2025-10-27,NO4,OTHER,1156.932,48.2055
2025-10-27,NO4,SOLAR,68.066,2.8360833333333333
2025-10-27,NO4,THERMAL,4292734.0,178863.91666666666
2025-10-27,NO4,WIND,15548589.99,647857.91625
2025-10-27,NO5,*,11.213,0.4672083333333333
2025-10-27,NO5,HYDRO,72496840.9,3020701.704166667
2025-10-27,NO5,OTHER,338.259,14.094125
2025-10-27,NO5,SOLAR,17122.264,713.4276666666666
2025-10-27,NO5,THERMAL,446885.87200000003,18620.24466666667
2025-10-27,NO5,WIND,1.974,0.08225
2025-10-28,NO1,HYDRO,62268391.5,2594516.3125
2025-10-28,NO1,OTHER,758.897,31.620708333333337
2025-10-28,NO1,SOLAR,74131.861,3088.827541666667
2025-10-28,NO1,THERMAL,181301.815,7554.2422916666665
2025-10-28,NO1,WIND,406598.577,16941.607375
2025-10-28,NO2,HYDRO,124838322.2,5201596.758333334
2025-10-28,NO2,OTHER,3618.78,150.7825
2025-10-28,NO2,SOLAR,120925.432,5038.559666666667
2025-10-28,NO2,THERMAL,367927.454,15330.310583333334
2025-10-28,NO2,WIND,3088697.69,128695.73708333333
2025-10-28,NO3,HYDRO,68294323.6,2845596.8166666664
2025-10-28,NO3,OTHER,1116.41,46.51708333333334
2025-10-28,NO3,SOLAR,5623.358,234.30658333333335
2025-10-28,NO3,THERMAL,486714.0,20279.75
2025-10-28,NO3,WIND,19596480.39,816520.01625
2025-10-28,NO4,HYDRO,78103132.9,3254297.204166667
2025-10-28,NO4,OTHER,797.976,33.249
2025-10-28,NO4,SOLAR,86.049,3.5853750000000004
2025-10-28,NO4,THERMAL,4223937.0,175997.375
2025-10-28,NO4,WIND,13470636.49,561276.5204166666
2025-10-28,NO5,*,18.775000000000002,0.7822916666666667
2025-10-28,NO5,HYDRO,69098617.3,2879109.0541666667
2025-10-28,NO5,OTHER,200.754,8.364749999999999
2025-10-28,NO5,SOLAR,17514.544,729.7726666666667
2025-10-28,NO5,THERMAL,430704.968,17946.040333333334
2025-10-28,NO5,WIND,1.93,0.08041666666666666
2025-10-29,NO1,HYDRO,64701082.8,2695878.4499999997
2025-10-29,NO1,OTHER,784.477,32.68654166666666
2025-10-29,NO1,SOLAR,73057.37800000001,3044.057416666667
2025-10-29,NO1,THERMAL,242246.418,10093.60075
2025-10-29,NO1,WIND,383400.943,15975.039291666668
2025-10-29,NO2,HYDRO,152919770.3,6371657.095833334
2025-10-29,NO2,OTHER,1818.776,75.78233333333334
2025-10-29,NO2,SOLAR,40827.878000000004,1701.1615833333335
2025-10-29,NO2,THERMAL,354507.076,14771.128166666667
2025-10-29,NO2,WIND,4384435.734,182684.82225
2025-10-29,NO3,HYDRO,77503291.5,3229303.8125
2025-10-29,NO3,OTHER,1632.5,68.02083333333333
2025-10-29,NO3,SOLAR,12573.239,523.8849583333333
2025-10-29,NO3,THERMAL,496281.66,20678.4025
2025-10-29,NO3,WIND,7617157.154,317381.54808333336
2025-10-29,NO4,HYDRO,80194852.5,3341452.1875
2025-10-29,NO4,OTHER,5463.92,227.66333333333333
2025-10-29,NO4,SOLAR,64.887,2.703625
2025-10-29,NO4,THERMAL,5181415.0,215892.29166666666
2025-10-29,NO4,WIND,13128980.38,547040.8491666667
2025-10-29,NO5,*,2.589,0.107875
2025-10-29,NO5,HYDRO,87750196.2,3656258.1750000003
2025-10-29,NO5,OTHER,194.632,8.109666666666667
2025-10-29,NO5,SOLAR,15703.938999999998,654.3307916666666
2025-10-29,NO5,THERMAL,399726.207,16655.258625
2025-10-29,NO5,WIND,1.103,0.04595833333333333
2025-10-30,NO1,HYDRO,63933564.5,2663898.5208333335
2025-10-30,NO1,OTHER,1614.05,67.25208333333333
2025-10-30,NO1,SOLAR,31111.508,1296.3128333333334
2025-10-30,NO1,THERMAL,128245.525,5343.563541666666
2025-10-30,NO1,WIND,4261376.3,177557.34583333333
2025-10-30,NO2,HYDRO,134262513.4,5594271.391666667
2025-10-30,NO2,OTHER,2330.285,97.09520833333333
2025-10-30,NO2,SOLAR,72814.54699999999,3033.939458333333
2025-10-30,NO2,THERMAL,358607.713,14941.988041666666
2025-10-30,NO2,WIND,2224162.514,92673.43808333333
2025-10-30,NO3,HYDRO,74854709.7,3118946.2375000003
2025-10-30,NO3,OTHER,1313.172,54.7155
2025-10-30,NO3,SOLAR,9712.084,404.6701666666667
2025-10-30,NO3,THERMAL,483456.94,20144.039166666666
2025-10-30,NO3,WIND,3536468.566,147352.85691666667
2025-10-30,NO4,HYDRO,88997862.2,3708244.2583333333
2025-10-30,NO4,OTHER,479.66,19.985833333333336
2025-10-30,NO4,SOLAR,140.458,5.852416666666667
2025-10-30,NO4,THERMAL,5526870.0,230286.25
2025-10-30,NO4,WIND,5864786.03,244366.08458333334
2025-10-30,NO5,*,17.99,0.7495833333333333
2025-10-30,NO5,HYDRO,78921048.5,3288377.0208333335
2025-10-30,NO5,OTHER,161.455,6.727291666666667
2025-10-30,NO5,SOLAR,18496.551,770.689625
2025-10-30,NO5,THERMAL,404993.182,16874.715916666664
2025-10-30,NO5,WIND,1.8800000000000001,0.07833333333333334
2025-10-31,NO1,HYDRO,63727296.4,2655304.0166666666
2025-10-31,NO1,OTHER,2039.387,84.97445833333333
2025-10-31,NO1,SOLAR,59932.657,2497.1940416666666
2025-10-31,NO1,THERMAL,142763.059,5948.460791666667
2025-10-31,NO1,WIND,1578185.033,65757.70970833334
2025-10-31,NO2,HYDRO,132094108.0,5503921.166666667
2025-10-31,NO2,OTHER,1793.677,74.73654166666667
2025-10-31,NO2,SOLAR,24508.826999999997,1021.2011249999999
2025-10-31,NO2,THERMAL,371379.365,15474.140208333332
2025-10-31,NO2,WIND,25716381.35,1071515.8895833334
2025-10-31,NO3,HYDRO,67856182.8,2827340.9499999997
2025-10-31,NO3,OTHER,1088.643,45.360125000000004
2025-10-31,NO3,SOLAR,3181.427,132.55945833333334
2025-10-31,NO3,THERMAL,512463.62,21352.650833333333
2025-10-31,NO3,WIND,23248633.853,968693.0772083333
2025-10-31,NO4,HYDRO,79489151.7,3312047.9875000003
2025-10-31,NO4,OTHER,546.04,22.751666666666665
2025-10-31,NO4,SOLAR,257.00600000000003,10.708583333333335
2025-10-31,NO4,THERMAL,5711511.0,237979.625
2025-10-31,NO4,WIND,5127064.32,213627.68000000002
2025-10-31,NO5,*,0.027,0.001125
2025-10-31,NO5,HYDRO,85720157.2,3571673.216666667
2025-10-31,NO5,OTHER,13.079,0.5449583333333333
2025-10-31,NO5,SOLAR,1147.413,47.808875
2025-10-31,NO5,THERMAL,357513.727,14896.405291666668
2025-10-31,NO5,WIND,0.146,0.006083333333333333
2025-11-01,NO1,HYDRO,59275629.3,2469817.8874999997
2025-11-01,NO1,OTHER,1893.334,78.88891666666667
2025-11-01,NO1,SOLAR,14694.19,612.2579166666667
2025-11-01,NO1,THERMAL,246810.91999999998,10283.788333333332
2025-11-01,NO1,WIND,3579637.0130000003,149151.54220833335
2025-11-01,NO2,HYDRO,89313678.6,3721403.275
2025-11-01,NO2,OTHER,1071.849,44.660374999999995
2025-11-01,NO2,SOLAR,3744.973,156.04054166666666
2025-11-01,NO2,THERMAL,358460.128,14935.838666666668
2025-11-01,NO2,WIND,26590470.38,1107936.2658333334
2025-11-01,NO3,HYDRO,58426981.5,2434457.5625
2025-11-01,NO3,OTHER,3798.045,158.251875
2025-11-01,NO3,SOLAR,3638.419,151.60079166666665
2025-11-01,NO3,THERMAL,544290.7,22678.779166666664
2025-11-01,NO3,WIND,34862592.7,1452608.0291666668
2025-11-01,NO4,HYDRO,62808243.6,2617010.15
2025-11-01,NO4,OTHER,772.4839999999999,32.18683333333333
2025-11-01,NO4,SOLAR,122.443,5.101791666666666
2025-11-01,NO4,THERMAL,5689008.0,237042.0
2025-11-01,NO4,WIND,14615146.65,608964.44375
2025-11-01,NO5,*,0.0,0.0
2025-11-01,NO5,HYDRO,54705860.800000004,2279410.8666666667
2025-11-01,NO5,OTHER,1063.8139999999999,44.32558333333333
2025-11-01,NO5,SOLAR,809.292,33.7205
2025-11-01,NO5,THERMAL,354189.978,14757.91575
2025-11-01,NO5,WIND,0.0,0.0
2025-11-02,NO1,HYDRO,62186032.5,2591084.6875
2025-11-02,NO1,OTHER,4039.249,168.30204166666667
2025-11-02,NO1,SOLAR,60206.001,2508.5833749999997
2025-11-02,NO1,THERMAL,356978.512,14874.104666666666
2025-11-02,NO1,WIND,2398811.842,99950.49341666668
2025-11-02,NO2,HYDRO,128002797.5,5333449.895833333
2025-11-02,NO2,OTHER,2349.925,97.91354166666667
2025-11-02,NO2,SOLAR,56532.43,2355.5179166666667
2025-11-02,NO2,THERMAL,347049.533,14460.397208333334
2025-11-02,NO2,WIND,10246386.96,426932.79000000004
2025-11-02,NO3,HYDRO,65237710.9,2718237.9541666666
2025-11-02,NO3,OTHER,1705.144,71.04766666666667
2025-11-02,NO3,SOLAR,7556.201,314.8417083333333
2025-11-02,NO3,THERMAL,408551.39999999997,17022.975
2025-11-02,NO3,WIND,15318028.29,638251.17875
2025-11-02,NO4,HYDRO,75855680.2,3160653.341666667
2025-11-02,NO4,OTHER,790.196,32.92483333333333
2025-11-02,NO4,SOLAR,26.01,1.08375
2025-11-02,NO4,THERMAL,5657316.0,235721.5
2025-11-02,NO4,WIND,12598148.69,524922.8620833333
2025-11-02,NO5,*,0.331,0.013791666666666667
2025-11-02,NO5,HYDRO,79017887.4,3292411.975
2025-11-02,NO5,OTHER,57.66,2.4025
2025-11-02,NO5,SOLAR,6046.816,251.95066666666665
2025-11-02,NO5,THERMAL,358956.464,14956.519333333332
2025-11-02,NO5,WIND,1.204,0.050166666666666665
2025-11-03,NO1,HYDRO,58155106.5,2423129.4375
2025-11-03,NO1,OTHER,5669.292,236.22050000000002
2025-11-03,NO1,SOLAR,78898.318,3287.4299166666665
2025-11-03,NO1,THERMAL,372664.303,15527.679291666667
2025-11-03,NO1,WIND,3958770.867,164948.786125
2025-11-03,NO2,HYDRO,118322313.9,4930096.412500001
2025-11-03,NO2,OTHER,1744.975,72.70729166666666
2025-11-03,NO2,SOLAR,40393.129,1683.0470416666667
2025-11-03,NO2,THERMAL,382581.684,15940.9035
2025-11-03,NO2,WIND,16559205.73,689966.9054166666
2025-11-03,NO3,HYDRO,52411162.9,2183798.4541666666
2025-11-03,NO3,OTHER,2171.899,90.49579166666666
2025-11-03,NO3,SOLAR,7953.342000000001,331.38925
2025-11-03,NO3,THERMAL,490365.76,20431.906666666666
2025-11-03,NO3,WIND,25254713.45,1052279.7270833333
2025-11-03,NO4,HYDRO,73075838.7,3044826.6125000003
2025-11-03,NO4,OTHER,766.26,31.9275
2025-11-03,NO4,SOLAR,66.606,2.7752499999999998
2025-11-03,NO4,THERMAL,5652714.0,235529.75
2025-11-03,NO4,WIND,7599763.4399999995,316656.81
2025-11-03,NO5,*,0.214,0.008916666666666666
2025-11-03,NO5,HYDRO,76371490.0,3182145.4166666665
2025-11-03,NO5,OTHER,82.878,3.45325
2025-11-03,NO5,SOLAR,5535.469,230.64454166666667
2025-11-03,NO5,THERMAL,343648.014,14318.66725
2025-11-03,NO5,WIND,0.9699999999999999,0.04041666666666666
2025-11-04,NO1,HYDRO,56948192.3,2372841.345833333
2025-11-04,NO1,OTHER,4972.005,207.166875
2025-11-04,NO1,SOLAR,55257.333,2302.388875
2025-11-04,NO1,THERMAL,338671.091,14111.295458333334
2025-11-04,NO1,WIND,6038596.51,251608.18791666665
2025-11-04,NO2,HYDRO,99281814.2,4136742.2583333333
2025-11-04,NO2,OTHER,2031.7920000000001,84.658
2025-11-04,NO2,SOLAR,31494.971999999998,1312.2904999999998
2025-11-04,NO2,THERMAL,363111.998,15129.666583333334
2025-11-04,NO2,WIND,19780901.17,824204.2154166667
2025-11-04,NO3,HYDRO,47456282.35,1977345.0979166667
2025-11-04,NO3,OTHER,1539.338,64.13908333333333
2025-11-04,NO3,SOLAR,3438.546,143.27275
2025-11-04,NO3,THERMAL,506229.1,21092.879166666666
2025-11-04,NO3,WIND,29312262.54,1221344.2725
2025-11-04,NO4,HYDRO,68340769.2,2847532.0500000003
2025-11-04,NO4,OTHER,418.016,17.417333333333335
2025-11-04,NO4,SOLAR,15.054,0.62725
2025-11-04,NO4,THERMAL,4971998.0,207166.58333333334
2025-11-04,NO4,WIND,14924990.44,621874.6016666667
2025-11-04,NO5,*,0.08,0.0033333333333333335
2025-11-04,NO5,HYDRO,64534962.9,2688956.7875
2025-11-04,NO5,OTHER,17.561,0.7317083333333333
2025-11-04,NO5,SOLAR,3338.288,139.09533333333334
2025-11-04,NO5,THERMAL,332566.515,13856.938125
2025-11-04,NO5,WIND,0.568,0.023666666666666666
2025-11-05,NO1,HYDRO,58210581.6,2425440.9
2025-11-05,NO1,OTHER,520.702,21.695916666666665
2025-11-05,NO1,SOLAR,44315.695,1846.4872916666666
2025-11-05,NO1,THERMAL,328930.897,13705.454041666666
2025-11-05,NO1,WIND,3997187.643,166549.485125
2025-11-05,NO2,HYDRO,130444503.7,5435187.654166667
2025-11-05,NO2,OTHER,1436.598,59.85825
2025-11-05,NO2,SOLAR,11328.492,472.0205
2025-11-05,NO2,THERMAL,363033.916,15126.413166666667
2025-11-05,NO2,WIND,7245135.49,301880.6454166667
2025-11-05,NO3,HYDRO,52535093.9,2188962.245833333
2025-11-05,NO3,OTHER,604.704,25.195999999999998
2025-11-05,NO3,SOLAR,2391.663,99.652625
2025-11-05,NO3,THERMAL,528488.14,22020.33916666667
2025-11-05,NO3,WIND,27979418.76,1165809.115
2025-11-05,NO4,HYDRO,75485737.7,3145239.0708333333
2025-11-05,NO4,OTHER,503.032,20.959666666666667
2025-11-05,NO4,SOLAR,18.321,0.763375
2025-11-05,NO4,THERMAL,4672509.0,194687.875
2025-11-05,NO4,WIND,14613164.47,608881.8529166667
2025-11-05,NO5,*,0.063,0.002625
2025-11-05,NO5,HYDRO,79167606.6,3298650.275
2025-11-05,NO5,OTHER,190.346,7.9310833333333335
2025-11-05,NO5,SOLAR,3342.9919999999997,139.2913333333333
2025-11-05,NO5,THERMAL,369046.847,15376.951958333333
2025-11-05,NO5,WIND,0.27999999999999997,0.011666666666666665
2025-11-06,NO1,HYDRO,59477001.6,2478208.4
2025-11-06,NO1,OTHER,662.302,27.595916666666668
2025-11-06,NO1,SOLAR,21697.362,904.0567500000001
2025-11-06,NO1,THERMAL,311523.927,12980.163625000001
2025-11-06,NO1,WIND,1052249.905,43843.746041666665
2025-11-06,NO2,HYDRO,149594490.5,6233103.770833333
2025-11-06,NO2,OTHER,1796.19,74.84125
2025-11-06,NO2,SOLAR,8816.014,367.33391666666665
2025-11-06,NO2,THERMAL,363299.785,15137.491041666666
2025-11-06,NO2,WIND,12027706.38,501154.43250000005
2025-11-06,NO3,HYDRO,60088113.3,2503671.3874999997
2025-11-06,NO3,OTHER,585.336,24.389
2025-11-06,NO3,SOLAR,2421.085,100.87854166666666
2025-11-06,NO3,THERMAL,489207.06,20383.6275
2025-11-06,NO3,WIND,6026453.955,251102.248125
2025-11-06,NO4,HYDRO,85076081.3,3544836.720833333
2025-11-06,NO4,OTHER,427.58,17.815833333333334
2025-11-06,NO4,SOLAR,31.537,1.3140416666666666
2025-11-06,NO4,THERMAL,4981620.0,207567.5
2025-11-06,NO4,WIND,8184501.91,341020.91291666665
2025-11-06,NO5,*,0.008,0.0003333333333333333
2025-11-06,NO5,HYDRO,93894266.7,3912261.1125000003
2025-11-06,NO5,OTHER,534.533,22.272208333333335
2025-11-06,NO5,SOLAR,1750.442,72.93508333333334
2025-11-06,NO5,THERMAL,549082.429,22878.434541666666
2025-11-06,NO5,WIND,0.20800000000000002,0.008666666666666668
2025-11-07,NO1,HYDRO,59259452.2,2469143.841666667
2025-11-07,NO1,OTHER,666.904,27.787666666666667
2025-11-07,NO1,SOLAR,28806.499,1200.2707916666666
2025-11-07,NO1,THERMAL,335568.132,13982.0055
2025-11-07,NO1,WIND,738433.595,30768.06645833333
2025-11-07,NO2,HYDRO,156158402.5,6506600.104166667
2025-11-07,NO2,OTHER,2193.417,91.392375
2025-11-07,NO2,SOLAR,45573.001,1898.8750416666664
2025-11-07,NO2,THERMAL,379599.33,15816.63875
2025-11-07,NO2,WIND,10167526.694,423646.9455833333
2025-11-07,NO3,HYDRO,72763254.5,3031802.2708333335
2025-11-07,NO3,OTHER,481.043,20.043458333333334
2025-11-07,NO3,SOLAR,1301.354,54.223083333333335
2025-11-07,NO3,THERMAL,523508.68,21812.861666666668
2025-11-07,NO3,WIND,7782937.54,324289.06416666665
2025-11-07,NO4,HYDRO,81391662.0,3391319.25
2025-11-07,NO4,OTHER,426.96,17.79
2025-11-07,NO4,SOLAR,47.265,1.969375
2025-11-07,NO4,THERMAL,5641763.0,235073.45833333334
2025-11-07,NO4,WIND,6323087.01,263461.95875
2025-11-07,NO5,*,0.167,0.006958333333333334
2025-11-07,NO5,HYDRO,96002126.5,4000088.6041666665
2025-11-07,NO5,OTHER,31.156,1.2981666666666667
2025-11-07,NO5,SOLAR,4444.237,185.17654166666668
2025-11-07,NO5,THERMAL,548758.224,22864.926000000003
2025-11-07,NO5,WIND,0.773,0.03220833333333333
2025-11-08,NO1,HYDRO,62799907.9,2616662.8291666666
2025-11-08,NO1,OTHER,601.047,25.043625000000002
2025-11-08,NO1,SOLAR,22585.603,941.0667916666666
2025-11-08,NO1,THERMAL,394748.74,16447.864166666666
2025-11-08,NO1,WIND,44165.210999999996,1840.217125
2025-11-08,NO2,HYDRO,166651951.5,6943831.3125
2025-11-08,NO2,OTHER,1627.789,67.82454166666666
2025-11-08,NO2,SOLAR,6659.893999999999,277.4955833333333
2025-11-08,NO2,THERMAL,388265.955,16177.748125
2025-11-08,NO2,WIND,843524.382,35146.84925
2025-11-08,NO3,HYDRO,70593332.2,2941388.841666667
2025-11-08,NO3,OTHER,569.5070000000001,23.729458333333337
2025-11-08,NO3,SOLAR,1489.511,62.062958333333334
2025-11-08,NO3,THERMAL,537099.28,22379.13666666667
2025-11-08,NO3,WIND,8343564.09,347648.50375
2025-11-08,NO4,HYDRO,80475109.5,3353129.5625
2025-11-08,NO4,OTHER,600.604,25.025166666666667
2025-11-08,NO4,SOLAR,39.614000000000004,1.6505833333333335
2025-11-08,NO4,THERMAL,5631771.0,234657.125
2025-11-08,NO4,WIND,8329863.42,347077.6425
2025-11-08,NO5,*,0.0,0.0
2025-11-08,NO5,HYDRO,91968940.9,3832039.204166667
2025-11-08,NO5,OTHER,896.893,37.37054166666667
2025-11-08,NO5,SOLAR,2414.5319999999997,100.60549999999999
2025-11-08,NO5,THERMAL,679735.933,28322.330541666666
2025-11-08,NO5,WIND,0.7,0.029166666666666664
2025-11-09,NO1,HYDRO,65983083.1,2749295.129166667
2025-11-09,NO1,OTHER,683.7620000000001,28.490083333333335
2025-11-09,NO1,SOLAR,31736.491,1322.3537916666667
2025-11-09,NO1,THERMAL,411927.132,17163.6305
2025-11-09,NO1,WIND,348279.362,14511.640083333334
2025-11-09,NO2,HYDRO,171795698.5,7158154.104166667
2025-11-09,NO2,OTHER,1818.58,75.77416666666666
2025-11-09,NO2,SOLAR,9778.281,407.428375
2025-11-09,NO2,THERMAL,389226.915,16217.788125
2025-11-09,NO2,WIND,1489636.698,62068.195750000006
2025-11-09,NO3,HYDRO,61173556.5,2548898.1875
2025-11-09,NO3,OTHER,666.759,27.781625000000002
2025-11-09,NO3,SOLAR,1592.235,66.343125
2025-11-09,NO3,THERMAL,534505.44,22271.059999999998
2025-11-09,NO3,WIND,11636175.67,484840.65291666664
2025-11-09,NO4,HYDRO,79485809.1,3311908.7125
2025-11-09,NO4,OTHER,577.12,24.046666666666667
2025-11-09,NO4,SOLAR,61.234,2.551416666666667
2025-11-09,NO4,THERMAL,5672448.0,236352.0
2025-11-09,NO4,WIND,13718714.379999999,571613.0991666666
2025-11-09,NO5,*,0.004,0.00016666666666666666
2025-11-09,NO5,HYDRO,95705710.4,3987737.9333333336
2025-11-09,NO5,OTHER,2511.644,104.65183333333333
2025-11-09,NO5,SOLAR,3200.246,133.34358333333333
2025-11-09,NO5,THERMAL,542377.74,22599.0725
2025-11-09,NO5,WIND,0.173,0.007208333333333333
2025-11-10,NO1,HYDRO,66216628.0,2759026.1666666665
2025-11-10,NO1,OTHER,825.704,34.404333333333334
2025-11-10,NO1,SOLAR,31625.47,1317.7279166666667
2025-11-10,NO1,THERMAL,393634.571,16401.440458333334
2025-11-10,NO1,WIND,245493.84,10228.91
2025-11-10,NO2,HYDRO,177069022.0,7377875.916666667
2025-11-10,NO2,OTHER,1743.64,72.65166666666667
2025-11-10,NO2,SOLAR,9949.825,414.5760416666667
2025-11-10,NO2,THERMAL,366808.701,15283.695875
2025-11-10,NO2,WIND,12655160.870000001,527298.3695833334
2025-11-10,NO3,HYDRO,69127303.1,2880304.295833333
2025-11-10,NO3,OTHER,700.275,29.178124999999998
2025-11-10,NO3,SOLAR,1190.189,49.591208333333334
2025-11-10,NO3,THERMAL,525322.38,21888.4325
2025-11-10,NO3,WIND,5338624.45,222442.68541666667
2025-11-10,NO4,HYDRO,92838356.3,3868264.845833333
2025-11-10,NO4,OTHER,510.28,21.261666666666667
2025-11-10,NO4,SOLAR,21.699,0.9041250000000001
2025-11-10,NO4,THERMAL,5699488.0,237478.66666666666
2025-11-10,NO4,WIND,5659357.53,235806.56375
2025-11-10,NO5,*,0.0,0.0
2025-11-10,NO5,HYDRO,118425414.2,4934392.258333334
2025-11-10,NO5,OTHER,809.5690000000001,33.73204166666667
2025-11-10,NO5,SOLAR,1208.057,50.335708333333336
2025-11-10,NO5,THERMAL,533294.7660000001,22220.615250000003
2025-11-10,NO5,WIND,0.325,0.013541666666666667
2025-11-11,NO1,HYDRO,65169696.4,2715404.0166666666
2025-11-11,NO1,OTHER,609.085,25.378541666666667
2025-11-11,NO1,SOLAR,24408.759,1017.031625
2025-11-11,NO1,THERMAL,355324.612,14805.192166666668
2025-11-11,NO1,WIND,2987833.546,124493.06441666668
2025-11-11,NO2,HYDRO,145408912.0,6058704.666666667
2025-11-11,NO2,OTHER,1710.237,71.25987500000001
2025-11-11,NO2,SOLAR,5959.045,248.29354166666667
2025-11-11,NO2,THERMAL,355249.789,14802.074541666667
2025-11-11,NO2,WIND,20801106.240000002,866712.7600000001
2025-11-11,NO3,HYDRO,63287245.2,2636968.5500000003
2025-11-11,NO3,OTHER,694.995,28.958125
2025-11-11,NO3,SOLAR,1063.855,44.32729166666667
2025-11-11,NO3,THERMAL,512907.88,21371.161666666667
2025-11-11,NO3,WIND,10315789.96,429824.5816666667
2025-11-11,NO4,HYDRO,89018390.4,3709099.6
2025-11-11,NO4,OTHER,610.288,25.42866666666667
2025-11-11,NO4,SOLAR,1.8179999999999998,0.07575
2025-11-11,NO4,THERMAL,5392759.0,224698.29166666666
2025-11-11,NO4,WIND,4220750.54,175864.60583333333
2025-11-11,NO5,*,0.004,0.00016666666666666666
2025-11-11,NO5,HYDRO,109297179.0,4554049.125
2025-11-11,NO5,OTHER,65.213,2.7172083333333332
2025-11-11,NO5,SOLAR,496.333,20.680541666666667
2025-11-11,NO5,THERMAL,636770.524,26532.105166666664
2025-11-11,NO5,WIND,0.006,0.00025
2025-11-12,NO1,HYDRO,61038598.5,2543274.9375
2025-11-12,NO1,OTHER,948.224,39.50933333333334
2025-11-12,NO1,SOLAR,28053.317,1168.8882083333333
2025-11-12,NO1,THERMAL,462435.049,19268.127041666667
2025-11-12,NO1,WIND,6267604.12,261150.17166666666
2025-11-12,NO2,HYDRO,92705352.0,3862723.0
2025-11-12,NO2,OTHER,1647.151,68.63129166666667
2025-11-12,NO2,SOLAR,13474.543,561.4392916666667
2025-11-12,NO2,THERMAL,395846.479,16493.603291666666
2025-11-12,NO2,WIND,25322288.0,1055095.3333333333
2025-11-12,NO3,HYDRO,50546829.3,2106117.8874999997
2025-11-12,NO3,OTHER,999.141,41.630874999999996
2025-11-12,NO3,SOLAR,1069.879,44.578291666666665
2025-11-12,NO3,THERMAL,520329.81,21680.40875
2025-11-12,NO3,WIND,19370968.63,807123.6929166666
2025-11-12,NO4,HYDRO,74259958.8,3094164.9499999997
2025-11-12,NO4,OTHER,524.928,21.872
2025-11-12,NO4,SOLAR,1.164,0.048499999999999995
2025-11-12,NO4,THERMAL,5340039.0,222501.625
2025-11-12,NO4,WIND,5572145.91,232172.74625
2025-11-12,NO5,*,0.002,8.333333333333333e-05
2025-11-12,NO5,HYDRO,70111501.7,2921312.5708333333
2025-11-12,NO5,OTHER,4.203,0.175125
2025-11-12,NO5,SOLAR,2397.705,99.904375
2025-11-12,NO5,THERMAL,636220.333,26509.180541666665
2025-11-12,NO5,WIND,0.07200000000000001,0.0030000000000000005
2025-11-13,NO1,HYDRO,64263559.1,2677648.2958333334
2025-11-13,NO1,OTHER,551.386,22.974416666666666
2025-11-13,NO1,SOLAR,27942.547,1164.2727916666665
2025-11-13,NO1,THERMAL,607920.826,25330.034416666665
2025-11-13,NO1,WIND,4614621.35,192275.8895833333
2025-11-13,NO2,HYDRO,125075349.9,5211472.912500001
2025-11-13,NO2,OTHER,2028.075,84.503125
2025-11-13,NO2,SOLAR,8585.256,357.719
2025-11-13,NO2,THERMAL,501178.523,20882.438458333334
2025-11-13,NO2,WIND,7748285.83,322845.24291666667
2025-11-13,NO3,HYDRO,50668803.3,2111200.1374999997
2025-11-13,NO3,OTHER,941.978,39.24908333333333
2025-11-13,NO3,SOLAR,2018.5140000000001,84.10475000000001
2025-11-13,NO3,THERMAL,493320.15,20555.006250000002
2025-11-13,NO3,WIND,25980096.13,1082504.0054166666
2025-11-13,NO4,HYDRO,61852555.8,2577189.8249999997
2025-11-13,NO4,OTHER,706.452,29.4355
2025-11-13,NO4,SOLAR,4.916,0.20483333333333334
2025-11-13,NO4,THERMAL,5428747.0,226197.79166666666
2025-11-13,NO4,WIND,12278813.77,511617.24041666667
2025-11-13,NO5,*,1.047,0.043625
2025-11-13,NO5,HYDRO,82225393.0,3426058.0416666665
2025-11-13,NO5,OTHER,29.24,1.2183333333333333
2025-11-13,NO5,SOLAR,4149.71,172.90458333333333
2025-11-13,NO5,THERMAL,516562.496,21523.43733333333
2025-11-13,NO5,WIND,0.092,0.003833333333333333
2025-11-14,NO1,HYDRO,67082464.3,2795102.6791666667
2025-11-14,NO1,OTHER,717.7330000000001,29.905541666666668
2025-11-14,NO1,SOLAR,93380.812,3890.867166666667
2025-11-14,NO1,THERMAL,623019.877,25959.161541666665
2025-11-14,NO1,WIND,4311517.395,179646.55812499998
2025-11-14,NO2,HYDRO,183790121.0,7657921.708333333
2025-11-14,NO2,OTHER,2278.691,94.94545833333332
2025-11-14,NO2,SOLAR,72712.028,3029.6678333333334
2025-11-14,NO2,THERMAL,511536.71,21314.029583333333
2025-11-14,NO2,WIND,6150980.608,256290.85866666667
2025-11-14,NO3,HYDRO,46739748.0,1947489.5
2025-11-14,NO3,OTHER,1184.213,49.34220833333333
2025-11-14,NO3,SOLAR,1300.269,54.177875
2025-11-14,NO3,THERMAL,509512.58,21229.690833333334
2025-11-14,NO3,WIND,23091652.42,962152.1841666667
2025-11-14,NO4,HYDRO,74323551.6,3096814.65
2025-11-14,NO4,OTHER,714.86,29.785833333333333
2025-11-14,NO4,SOLAR,0.975,0.040625
2025-11-14,NO4,THERMAL,5519449.0,229977.04166666666
2025-11-14,NO4,WIND,15952516.629999999,664688.1929166666
2025-11-14,NO5,*,1.4989999999999999,0.06245833333333333
2025-11-14,NO5,HYDRO,109480820.0,4561700.833333333
2025-11-14,NO5,OTHER,93.367,3.8902916666666667
2025-11-14,NO5,SOLAR,8610.138,358.75575000000003
2025-11-14,NO5,THERMAL,476990.973,19874.623875
2025-11-14,NO5,WIND,0.0,0.0
2025-11-15,NO1,HYDRO,64433327.8,2684721.9916666667
2025-11-15,NO1,OTHER,681.183,28.382625
2025-11-15,NO1,SOLAR,59498.62,2479.1091666666666
2025-11-15,NO1,THERMAL,665455.9,27727.329166666666
2025-11-15,NO1,WIND,3715118.33,154796.59708333333
2025-11-15,NO2,HYDRO,166820868.4,6950869.516666667
2025-11-15,NO2,OTHER,1391.738,57.98908333333333
2025-11-15,NO2,SOLAR,60365.738000000005,2515.2390833333334
2025-11-15,NO2,THERMAL,603799.694,25158.320583333334
2025-11-15,NO2,WIND,2657060.9129999997,110710.87137499999
2025-11-15,NO3,HYDRO,59065831.4,2461076.308333333
2025-11-15,NO3,OTHER,1869.907,77.91279166666666
2025-11-15,NO3,SOLAR,1075.968,44.832
2025-11-15,NO3,THERMAL,515849.88,21493.745
2025-11-15,NO3,WIND,35682955.7,1486789.8208333335
2025-11-15,NO4,HYDRO,68076208.7,2836508.6958333333
2025-11-15,NO4,OTHER,701.6,29.233333333333334
2025-11-15,NO4,SOLAR,0.01,0.0004166666666666667
2025-11-15,NO4,THERMAL,5721753.0,238406.375
2025-11-15,NO4,WIND,11948889.28,497870.38666666666
2025-11-15,NO5,*,0.031,0.0012916666666666667
2025-11-15,NO5,HYDRO,93481891.5,3895078.8125
2025-11-15,NO5,OTHER,4023.772,167.65716666666665
2025-11-15,NO5,SOLAR,644.755,26.864791666666665
2025-11-15,NO5,THERMAL,468880.354,19536.681416666666
2025-11-15,NO5,WIND,0.003,0.000125
2025-11-16,NO1,HYDRO,63210829.1,2633784.5458333334
2025-11-16,NO1,OTHER,781.6899999999999,32.57041666666667
2025-11-16,NO1,SOLAR,87532.267,3647.177791666667
2025-11-16,NO1,THERMAL,679954.664,28331.444333333333
2025-11-16,NO1,WIND,3433739.886,143072.49525
2025-11-16,NO2,HYDRO,178704225.0,7446009.375
2025-11-16,NO2,OTHER,1362.124,56.75516666666667
2025-11-16,NO2,SOLAR,53516.108,2229.8378333333335
2025-11-16,NO2,THERMAL,607688.461,25320.352541666667
2025-11-16,NO2,WIND,14376804.94,599033.5391666667
2025-11-16,NO3,HYDRO,60232752.7,2509698.029166667
2025-11-16,NO3,OTHER,1353.42,56.392500000000005
2025-11-16,NO3,SOLAR,1462.758,60.94825
2025-11-16,NO3,THERMAL,528881.47,22036.727916666667
2025-11-16,NO3,WIND,29525776.57,1230240.6904166667
2025-11-16,NO4,HYDRO,81442911.1,3393454.6291666664
2025-11-16,NO4,OTHER,530.044,22.085166666666666
2025-11-16,NO4,SOLAR,0.626,0.026083333333333333
2025-11-16,NO4,THERMAL,5496078.0,229003.25
2025-11-16,NO4,WIND,5135313.03,213971.37625
2025-11-16,NO5,*,0.01,0.0004166666666666667
2025-11-16,NO5,HYDRO,99376275.0,4140678.125
2025-11-16,NO5,OTHER,5094.319,212.26329166666667
2025-11-16,NO5,SOLAR,4563.142,190.13091666666665
2025-11-16,NO5,THERMAL,476147.164,19839.465166666665
2025-11-16,NO5,WIND,0.694,0.028916666666666663
2025-11-17,NO1,HYDRO,61830432.2,2576268.0083333333
2025-11-17,NO1,OTHER,575.603,23.98345833333333
2025-11-17,NO1,SOLAR,41068.629,1711.192875
2025-11-17,NO1,THERMAL,650622.95,27109.28958333333
2025-11-17,NO1,WIND,3038627.913,126609.496375
2025-11-17,NO2,HYDRO,173914524.2,7246438.508333333
2025-11-17,NO2,OTHER,1102.922,45.955083333333334
2025-11-17,NO2,SOLAR,44216.237,1842.3432083333335
2025-11-17,NO2,THERMAL,529251.822,22052.15925
2025-11-17,NO2,WIND,19529244.76,813718.5316666667
2025-11-17,NO3,HYDRO,75431892.0,3142995.5
2025-11-17,NO3,OTHER,710.772,29.6155
2025-11-17,NO3,SOLAR,1157.526,48.230250000000005
2025-11-17,NO3,THERMAL,515250.51,21468.77125
2025-11-17,NO3,WIND,13116848.54,546535.3558333333
2025-11-17,NO4,HYDRO,90856844.7,3785701.8625000003
2025-11-17,NO4,OTHER,1464.556,61.02316666666667
2025-11-17,NO4,SOLAR,0.053,0.0022083333333333334
2025-11-17,NO4,THERMAL,5201781.0,216740.875
2025-11-17,NO4,WIND,3938551.66,164106.31916666668
2025-11-17,NO5,*,0.020999999999999998,0.0008749999999999999
2025-11-17,NO5,HYDRO,95954228.0,3998092.8333333335
2025-11-17,NO5,OTHER,92.8,3.8666666666666667
2025-11-17,NO5,SOLAR,2797.848,116.577
2025-11-17,NO5,THERMAL,438330.937,18263.789041666667
2025-11-17,NO5,WIND,0.40900000000000003,0.017041666666666667
2025-11-18,NO1,HYDRO,62795275.5,2616469.8125
2025-11-18,NO1,OTHER,1002.706,41.77941666666667
2025-11-18,NO1,SOLAR,45628.658,1901.1940833333335
2025-11-18,NO1,THERMAL,661343.752,27555.989666666665
2025-11-18,NO1,WIND,1043728.9639999999,43488.70683333333
2025-11-18,NO2,HYDRO,190877743.0,7953239.291666667
2025-11-18,NO2,OTHER,1338.353,55.76470833333334
2025-11-18,NO2,SOLAR,34979.988,1457.4995
2025-11-18,NO2,THERMAL,550957.664,22956.569333333333
2025-11-18,NO2,WIND,7215756.457,300656.5190416667
2025-11-18,NO3,HYDRO,76469201.5,3186216.7291666665
2025-11-18,NO3,OTHER,571.477,23.811541666666667
2025-11-18,NO3,SOLAR,1008.826,42.034416666666665
2025-11-18,NO3,THERMAL,510126.16,21255.256666666664
2025-11-18,NO3,WIND,4557206.046,189883.58525
2025-11-18,NO4,HYDRO,92802888.2,3866787.0083333333
2025-11-18,NO4,OTHER,581.46,24.227500000000003
2025-11-18,NO4,SOLAR,0.007,0.0002916666666666667
2025-11-18,NO4,THERMAL,4744354.0,197681.41666666666
2025-11-18,NO4,WIND,4310472.5,179603.02083333334
2025-11-18,NO5,*,0.0,0.0
2025-11-18,NO5,HYDRO,97905939.2,4079414.1333333333
2025-11-18,NO5,OTHER,10.818,0.45075
2025-11-18,NO5,SOLAR,758.16,31.59
2025-11-18,NO5,THERMAL,435239.272,18134.969666666668
2025-11-18,NO5,WIND,0.21899999999999997,0.009125
2025-11-19,NO1,HYDRO,64092989.5,2670541.2291666665
2025-11-19,NO1,OTHER,683.4929999999999,28.478875
2025-11-19,NO1,SOLAR,46227.939,1926.164125
2025-11-19,NO1,THERMAL,655811.978,27325.499083333332
2025-11-19,NO1,WIND,1390044.651,57918.527125
2025-11-19,NO2,HYDRO,198455426.0,8268976.083333333
2025-11-19,NO2,OTHER,1177.982,49.08258333333333
2025-11-19,NO2,SOLAR,48292.206,2012.17525
2025-11-19,NO2,THERMAL,564678.1410000001,23528.255875000003
2025-11-19,NO2,WIND,1130652.3229999999,47110.51345833333
2025-11-19,NO3,HYDRO,78748601.0,3281191.7083333335
2025-11-19,NO3,OTHER,548.945,22.872708333333335
2025-11-19,NO3,SOLAR,954.818,39.784083333333335
2025-11-19,NO3,THERMAL,520136.26,21672.344166666666
2025-11-19,NO3,WIND,1064039.4880000001,44334.97866666667
2025-11-19,NO4,HYDRO,94325859.8,3930244.158333333
2025-11-19,NO4,OTHER,873.848,36.410333333333334
2025-11-19,NO4,SOLAR,0.012,0.0005
2025-11-19,NO4,THERMAL,5175963.0,215665.125
2025-11-19,NO4,WIND,3317235.12,138218.13
2025-11-19,NO5,*,0.001,4.1666666666666665e-05
2025-11-19,NO5,HYDRO,100947763.2,4206156.8
2025-11-19,NO5,OTHER,189.71599999999998,7.9048333333333325
2025-11-19,NO5,SOLAR,3295.986,137.33275
2025-11-19,NO5,THERMAL,335008.20399999997,13958.675166666666
2025-11-19,NO5,WIND,0.0,0.0
2025-11-20,NO1,HYDRO,61797555.0,2574898.125
2025-11-20,NO1,OTHER,1094.828,45.61783333333333
2025-11-20,NO1,SOLAR,53713.272,2238.053
2025-11-20,NO1,THERMAL,660421.067,27517.544458333334
2025-11-20,NO1,WIND,4128706.29,172029.42875
2025-11-20,NO2,HYDRO,200027855.5,8334493.979166667
2025-11-20,NO2,OTHER,2238.09,93.25375000000001
2025-11-20,NO2,SOLAR,49388.188,2057.8411666666666
2025-11-20,NO2,THERMAL,498204.873,20758.536375
2025-11-20,NO2,WIND,2041645.931,85068.58045833334
2025-11-20,NO3,HYDRO,78314193.3,3263091.3874999997
2025-11-20,NO3,OTHER,881.697,36.737375
2025-11-20,NO3,SOLAR,825.868,34.41116666666667
2025-11-20,NO3,THERMAL,504622.58,21025.940833333334
2025-11-20,NO3,WIND,2624960.444,109373.35183333333
2025-11-20,NO4,HYDRO,93719438.3,3904976.595833333
2025-11-20,NO4,OTHER,801.88,33.41166666666667
2025-11-20,NO4,SOLAR,0.023,0.0009583333333333333
2025-11-20,NO4,THERMAL,5131797.0,213824.875
2025-11-20,NO4,WIND,1373133.43,57213.892916666664
2025-11-20,NO5,*,0.044,0.0018333333333333333
2025-11-20,NO5,HYDRO,103541047.7,4314210.320833334
2025-11-20,NO5,OTHER,167.53699999999998,6.980708333333332
2025-11-20,NO5,SOLAR,4116.732,171.5305
2025-11-20,NO5,THERMAL,477547.924,19897.830166666667
2025-11-20,NO5,WIND,0.0,0.0
2025-11-21,NO1,HYDRO,51706716.8,2248118.1217391305
2025-11-21,NO1,OTHER,1575.477,68.49900000000001
2025-11-21,NO1,SOLAR,35367.656,1537.7241739130436
2025-11-21,NO1,THERMAL,617378.27,26842.53347826087
2025-11-21,NO1,WIND,2963710.3540000003,128856.9719130435
2025-11-21,NO2,HYDRO,193251989.0,8402260.391304348
2025-11-21,NO2,OTHER,2016.0240000000001,87.65321739130435
2025-11-21,NO2,SOLAR,26544.838,1154.1233913043477
2025-11-21,NO2,THERMAL,554464.054,24107.132782608696
2025-11-21,NO2,WIND,3287328.545,142927.32804347825
2025-11-21,NO3,HYDRO,60363552.7,2624502.291304348
2025-11-21,NO3,OTHER,1041.661,45.28960869565218
2025-11-21,NO3,SOLAR,848.962,36.91139130434782
2025-11-21,NO3,THERMAL,474732.62,20640.548695652175
2025-11-21,NO3,WIND,19351342.21,841362.7047826088
2025-11-21,NO4,HYDRO,86325286.4,3753273.3217391307
2025-11-21,NO4,OTHER,723.52,31.457391304347826
2025-11-21,NO4,SOLAR,0.007,0.00030434782608695655
2025-11-21,NO4,THERMAL,4737210.0,205965.65217391305
2025-11-21,NO4,WIND,3930079.394,170873.01713043478
2025-11-21,NO5,*,0.0,0.0
2025-11-21,NO5,HYDRO,104617916.3,4548605.056521739
2025-11-21,NO5,OTHER,20.834,0.9058260869565217
2025-11-21,NO5,SOLAR,240.375,10.451086956521738
2025-11-21,NO5,THERMAL,749969.742,32607.38008695652
2025-11-21,NO5,WIND,0.0,0.0
