date,priceArea,consumptionGroup,quantityKwh_sum,quantityKwh_mean,countMeteringPoints_sum
2025-10-22,NO1,CABIN,329101.959,65820.3918,0.0
2025-10-22,NO1,HOUSEHOLD,9964986.1,1992997.22,0.0
2025-10-22,NO1,PRIMARY,184975.642,36995.1284,0.0
2025-10-22,NO1,SECONDARY,2886397.85,577279.5700000001,0.0
2025-10-22,NO1,TERTIARY,4841191.0,968238.2,0.0
2025-10-22,NO2,CABIN,250970.688,50194.1376,0.0
2025-10-22,NO2,HOUSEHOLD,5007538.5,1001507.7,0.0
2025-10-22,NO2,PRIMARY,334005.746,66801.1492,0.0
2025-10-22,NO2,SECONDARY,10773750.9,2154750.18,0.0
2025-10-22,NO2,TERTIARY,2434995.52,486999.104,0.0
2025-10-22,NO3,CABIN,186248.777,37249.7554,0.0
2025-10-22,NO3,HOUSEHOLD,3476042.4499999997,695208.49,0.0
2025-10-22,NO3,PRIMARY,417500.683,83500.1366,0.0
2025-10-22,NO3,SECONDARY,8746602.8,1749320.56,0.0
2025-10-22,NO3,TERTIARY,2817227.7600000002,563445.552,0.0
2025-10-22,NO4,CABIN,223509.507,44701.9014,0.0
2025-10-22,NO4,HOUSEHOLD,2904289.28,580857.8559999999,0.0
2025-10-22,NO4,PRIMARY,299986.718,59997.3436,0.0
2025-10-22,NO4,SECONDARY,5862383.8,1172476.76,0.0
2025-10-22,NO4,TERTIARY,2152684.56,430536.912,0.0
2025-10-22,NO5,CABIN,174946.815,34989.363,0.0
2025-10-22,NO5,HOUSEHOLD,2120900.06,424180.012,0.0
2025-10-22,NO5,PRIMARY,62597.115000000005,12519.423,0.0
2025-10-22,NO5,SECONDARY,5388601.2,1077720.24,0.0
2025-10-22,NO5,TERTIARY,1211662.86,242332.57200000001,0.0
2025-10-23,NO1,CABIN,1595779.858,66490.82741666667,0.0
2025-10-23,NO1,HOUSEHOLD,45506989.8,1896124.575,0.0
2025-10-23,NO1,PRIMARY,1041187.588,43382.816166666664,0.0
2025-10-23,NO1,SECONDARY,16796755.490000002,699864.8120833334,0.0
2025-10-23,NO1,TERTIARY,28615435.830000002,1192309.8262500002,0.0
2025-10-23,NO2,CABIN,1304887.748,54370.32283333333,0.0
2025-10-23,NO2,HOUSEHOLD,23383733.82,974322.2425,0.0
2025-10-23,NO2,PRIMARY,1958027.328,81584.472,0.0
2025-10-23,NO2,SECONDARY,53733862.9,2238910.9541666666,0.0
2025-10-23,NO2,TERTIARY,14915729.22,621488.7175,0.0
2025-10-23,NO3,CABIN,899964.474,37498.51975,0.0
2025-10-23,NO3,HOUSEHOLD,15501996.06,645916.5025000001,0.0
2025-10-23,NO3,PRIMARY,2160560.504,90023.35433333334,0.0
2025-10-23,NO3,SECONDARY,42798677.1,1783278.2125000001,0.0
2025-10-23,NO3,TERTIARY,15426778.26,642782.4275,0.0
2025-10-23,NO4,CABIN,1031361.945,42973.414375,0.0
2025-10-23,NO4,HOUSEHOLD,13286563.98,553606.8325,0.0
2025-10-23,NO4,PRIMARY,1499695.781,62487.32420833333,0.0
2025-10-23,NO4,SECONDARY,28121326.1,1171721.9208333334,0.0
2025-10-23,NO4,TERTIARY,11374410.84,473933.785,0.0
2025-10-23,NO5,CABIN,863169.143,35965.380958333335,0.0
2025-10-23,NO5,HOUSEHOLD,9770119.71,407088.32125000004,0.0
2025-10-23,NO5,PRIMARY,321139.474,13380.811416666666,0.0
2025-10-23,NO5,SECONDARY,26270079.6,1094586.6500000001,0.0
2025-10-23,NO5,TERTIARY,7208414.63,300350.6095833333,0.0
2025-10-24,NO1,CABIN,1839922.365,76663.431875,0.0
2025-10-24,NO1,HOUSEHOLD,39573943.0,1648914.2916666667,0.0
2025-10-24,NO1,PRIMARY,1091558.055,45481.585625,0.0
2025-10-24,NO1,SECONDARY,15838074.959999999,659919.7899999999,0.0
2025-10-24,NO1,TERTIARY,28780178.59,1199174.1079166667,0.0
2025-10-24,NO2,CABIN,1457543.741,60730.98920833333,0.0
2025-10-24,NO2,HOUSEHOLD,22956323.1,956513.4625,0.0
2025-10-24,NO2,PRIMARY,1979576.783,82482.36595833334,0.0
2025-10-24,NO2,SECONDARY,56745782.9,2364407.620833333,0.0
2025-10-24,NO2,TERTIARY,14624199.84,609341.66,0.0
2025-10-24,NO3,CABIN,1068284.068,44511.83616666667,0.0
2025-10-24,NO3,HOUSEHOLD,16259409.3,677475.3875000001,0.0
2025-10-24,NO3,PRIMARY,2192619.6720000003,91359.153,0.0
2025-10-24,NO3,SECONDARY,44219947.1,1842497.7958333334,0.0
2025-10-24,NO3,TERTIARY,15614787.08,650616.1283333333,0.0
2025-10-24,NO4,CABIN,1086795.213,45283.133875,0.0
2025-10-24,NO4,HOUSEHOLD,13087289.9,545303.7458333333,0.0
2025-10-24,NO4,PRIMARY,1482199.958,61758.33158333334,0.0
2025-10-24,NO4,SECONDARY,28374917.5,1182288.2291666667,0.0
2025-10-24,NO4,TERTIARY,11310869.78,471286.2408333333,0.0
2025-10-24,NO5,CABIN,956875.606,39869.81691666667,0.0
2025-10-24,NO5,HOUSEHOLD,9614527.42,400605.30916666664,0.0
2025-10-24,NO5,PRIMARY,330751.485,13781.311875,0.0
2025-10-24,NO5,SECONDARY,27831723.2,1159655.1333333333,0.0
2025-10-24,NO5,TERTIARY,6933485.74,288895.2391666667,0.0
2025-10-25,NO1,CABIN,1920536.814,80022.36725,0.0
2025-10-25,NO1,HOUSEHOLD,39845479.5,1660228.3125,0.0
2025-10-25,NO1,PRIMARY,1054580.058,43940.83575,0.0
2025-10-25,NO1,SECONDARY,14057695.02,585737.2925,0.0
2025-10-25,NO1,TERTIARY,23858711.89,994112.9954166667,0.0
2025-10-25,NO2,CABIN,1524481.505,63520.06270833333,0.0
2025-10-25,NO2,HOUSEHOLD,23017596.04,959066.5016666666,0.0
2025-10-25,NO2,PRIMARY,1965239.582,81884.98258333333,0.0
2025-10-25,NO2,SECONDARY,58268489.5,2427853.7291666665,0.0
2025-10-25,NO2,TERTIARY,12229559.26,509564.9691666667,0.0
2025-10-25,NO3,CABIN,1088145.734,45339.40558333333,0.0
2025-10-25,NO3,HOUSEHOLD,15827808.23,659492.0095833334,0.0
2025-10-25,NO3,PRIMARY,2162174.5810000002,90090.60754166667,0.0
2025-10-25,NO3,SECONDARY,44315177.2,1846465.7166666668,0.0
2025-10-25,NO3,TERTIARY,13868717.6,577863.2333333333,0.0
2025-10-25,NO4,CABIN,1208858.914,50369.12141666667,0.0
2025-10-25,NO4,HOUSEHOLD,13809432.16,575393.0066666667,0.0
2025-10-25,NO4,PRIMARY,1479894.296,61662.26233333334,0.0
2025-10-25,NO4,SECONDARY,27743227.9,1155967.8291666666,0.0
2025-10-25,NO4,TERTIARY,10713607.24,446400.3016666667,0.0
2025-10-25,NO5,CABIN,969056.625,40377.359375,0.0
2025-10-25,NO5,HOUSEHOLD,9493272.99,395553.04125,0.0
2025-10-25,NO5,PRIMARY,317743.979,13239.332458333332,0.0
2025-10-25,NO5,SECONDARY,32034170.400000002,1334757.1,0.0
2025-10-25,NO5,TERTIARY,5891285.08,245470.21166666667,0.0
2025-10-26,NO1,CABIN,1721685.901,71736.91254166666,0.0
2025-10-26,NO1,HOUSEHOLD,42211025.5,1758792.7291666667,0.0
2025-10-26,NO1,PRIMARY,1052904.727,43871.03029166666,0.0
2025-10-26,NO1,SECONDARY,14222308.68,592596.195,0.0
2025-10-26,NO1,TERTIARY,23036603.47,959858.4779166667,0.0
2025-10-26,NO2,CABIN,1399599.661,58316.65254166667,0.0
2025-10-26,NO2,HOUSEHOLD,24534009.54,1022250.3975,0.0
2025-10-26,NO2,PRIMARY,1974331.54,82263.81416666666,0.0
2025-10-26,NO2,SECONDARY,58936227.4,2455676.1416666666,0.0
2025-10-26,NO2,TERTIARY,11855541.0,493980.875,0.0
2025-10-26,NO3,CABIN,978054.313,40752.263041666665,0.0
2025-10-26,NO3,HOUSEHOLD,16544931.35,689372.1395833333,0.0
2025-10-26,NO3,PRIMARY,2187757.513,91156.56304166665,0.0
2025-10-26,NO3,SECONDARY,44451160.2,1852131.675,0.0
2025-10-26,NO3,TERTIARY,13469610.07,561233.7529166667,0.0
2025-10-26,NO4,CABIN,1130895.52,47120.64666666667,0.0
2025-10-26,NO4,HOUSEHOLD,13945714.12,581071.4216666666,0.0
2025-10-26,NO4,PRIMARY,1451956.845,60498.201875,0.0
2025-10-26,NO4,SECONDARY,22823084.95,950961.8729166667,0.0
2025-10-26,NO4,TERTIARY,10257335.92,427388.99666666664,0.0
2025-10-26,NO5,CABIN,866157.645,36089.901875,0.0
2025-10-26,NO5,HOUSEHOLD,9927725.62,413655.23416666663,0.0
2025-10-26,NO5,PRIMARY,319759.497,13323.312375,0.0
2025-10-26,NO5,SECONDARY,32254691.5,1343945.4791666667,0.0
2025-10-26,NO5,TERTIARY,5708035.59,237834.81625,0.0
2025-10-27,NO1,CABIN,1621132.809,67547.200375,0.0
2025-10-27,NO1,HOUSEHOLD,42286195.7,1761924.8208333335,0.0
2025-10-27,NO1,PRIMARY,1067516.838,44479.86825,0.0
2025-10-27,NO1,SECONDARY,17972229.79,748842.9079166666,0.0
2025-10-27,NO1,TERTIARY,29893259.96,1245552.4983333333,0.0
2025-10-27,NO2,CABIN,1265001.579,52708.399124999996,0.0
2025-10-27,NO2,HOUSEHOLD,24576917.2,1024038.2166666667,0.0
2025-10-27,NO2,PRIMARY,1983508.738,82646.19741666666,0.0
2025-10-27,NO2,SECONDARY,55416574.7,2309023.9458333333,0.0
2025-10-27,NO2,TERTIARY,15411236.65,642134.8604166667,0.0
2025-10-27,NO3,CABIN,897197.932,37383.24716666667,0.0
2025-10-27,NO3,HOUSEHOLD,16351233.06,681301.3775000001,0.0
2025-10-27,NO3,PRIMARY,2219167.721,92465.32170833333,0.0
2025-10-27,NO3,SECONDARY,45962769.3,1915115.3875,0.0
2025-10-27,NO3,TERTIARY,15558802.24,648283.4266666666,0.0
2025-10-27,NO4,CABIN,953868.937,39744.53904166667,0.0
2025-10-27,NO4,HOUSEHOLD,12805097.65,533545.7354166667,0.0
2025-10-27,NO4,PRIMARY,1489883.834,62078.493083333335,0.0
2025-10-27,NO4,SECONDARY,28985305.1,1207721.0458333334,0.0
2025-10-27,NO4,TERTIARY,11136578.370000001,464024.09875000006,0.0
2025-10-27,NO5,CABIN,774314.623,32263.109291666668,0.0
2025-10-27,NO5,HOUSEHOLD,9752359.74,406348.3225,0.0
2025-10-27,NO5,PRIMARY,323279.596,13469.983166666667,0.0
2025-10-27,NO5,SECONDARY,28102773.9,1170948.9124999999,0.0
2025-10-27,NO5,TERTIARY,7191992.62,299666.3591666667,0.0
2025-10-28,NO1,CABIN,1842718.154,76779.92308333334,0.0
2025-10-28,NO1,HOUSEHOLD,46153251.8,1923052.1583333332,0.0
2025-10-28,NO1,PRIMARY,1114879.584,46453.316,0.0
2025-10-28,NO1,SECONDARY,18720859.87,780035.8279166667,0.0
2025-10-28,NO1,TERTIARY,31540365.56,1314181.8983333332,0.0
2025-10-28,NO2,CABIN,1404347.813,58514.49220833334,0.0
2025-10-28,NO2,HOUSEHOLD,26153228.94,1089717.8725,0.0
2025-10-28,NO2,PRIMARY,1997713.824,83238.076,0.0
2025-10-28,NO2,SECONDARY,54971368.0,2290473.6666666665,0.0
2025-10-28,NO2,TERTIARY,15972011.18,665500.4658333333,0.0
2025-10-28,NO3,CABIN,975480.7,40645.02916666667,0.0
2025-10-28,NO3,HOUSEHOLD,17139473.05,714144.7104166667,0.0
2025-10-28,NO3,PRIMARY,2250779.963,93782.49845833333,0.0
2025-10-28,NO3,SECONDARY,45182227.5,1882592.8125,0.0
2025-10-28,NO3,TERTIARY,15899580.33,662482.51375,0.0
2025-10-28,NO4,CABIN,954212.903,39758.87095833333,0.0
2025-10-28,NO4,HOUSEHOLD,12738312.08,530763.0033333333,0.0
2025-10-28,NO4,PRIMARY,1491130.116,62130.4215,0.0
2025-10-28,NO4,SECONDARY,28772286.8,1198845.2833333334,0.0
2025-10-28,NO4,TERTIARY,11122381.44,463432.56,0.0
2025-10-28,NO5,CABIN,878012.134,36583.83891666667,0.0
2025-10-28,NO5,HOUSEHOLD,10468817.89,436200.7454166667,0.0
2025-10-28,NO5,PRIMARY,335739.333,13989.138874999999,0.0
2025-10-28,NO5,SECONDARY,27711870.8,1154661.2833333334,0.0
2025-10-28,NO5,TERTIARY,7492160.5,312173.3541666667,0.0
2025-10-29,NO1,CABIN,2064021.0420000001,86000.87675000001,0.0
2025-10-29,NO1,HOUSEHOLD,47365776.7,1973574.0291666668,0.0
2025-10-29,NO1,PRIMARY,1146211.974,47758.83225,0.0
2025-10-29,NO1,SECONDARY,18718001.25,779916.71875,0.0
2025-10-29,NO1,TERTIARY,31686653.2,1320277.2166666666,0.0
2025-10-29,NO2,CABIN,1641864.286,68411.01191666667,0.0
2025-10-29,NO2,HOUSEHOLD,28449657.84,1185402.41,0.0
2025-10-29,NO2,PRIMARY,2046325.149,85263.547875,0.0
2025-10-29,NO2,SECONDARY,53410300.9,2225429.2041666666,0.0
2025-10-29,NO2,TERTIARY,16669478.040000001,694561.5850000001,0.0
2025-10-29,NO3,CABIN,1096633.602,45693.06675,0.0
2025-10-29,NO3,HOUSEHOLD,18251749.17,760489.5487500001,0.0
2025-10-29,NO3,PRIMARY,2266474.791,94436.44962500001,0.0
2025-10-29,NO3,SECONDARY,45100302.7,1879179.2791666668,0.0
2025-10-29,NO3,TERTIARY,16392735.23,683030.6345833334,0.0
2025-10-29,NO4,CABIN,960929.85,40038.74375,0.0
2025-10-29,NO4,HOUSEHOLD,12696805.31,529033.5545833333,0.0
2025-10-29,NO4,PRIMARY,1492705.3630000001,62196.05679166667,0.0
2025-10-29,NO4,SECONDARY,29300514.8,1220854.7833333334,0.0
2025-10-29,NO4,TERTIARY,11155769.96,464823.74833333335,0.0
2025-10-29,NO5,CABIN,995592.84,41483.034999999996,0.0
2025-10-29,NO5,HOUSEHOLD,11248455.64,468685.6516666667,0.0
2025-10-29,NO5,PRIMARY,343863.478,14327.644916666666,0.0
2025-10-29,NO5,SECONDARY,24354162.6,1014756.775,0.0
2025-10-29,NO5,TERTIARY,7816565.42,325690.22583333333,0.0
2025-10-30,NO1,CABIN,2242496.393,93437.34970833334,0.0
2025-10-30,NO1,HOUSEHOLD,47984150.6,1999339.6083333334,0.0
2025-10-30,NO1,PRIMARY,1205574.373,50232.26554166666,0.0
2025-10-30,NO1,SECONDARY,19496344.69,812347.6954166667,0.0
2025-10-30,NO1,TERTIARY,31839356.89,1326639.8704166666,0.0
2025-10-30,NO2,CABIN,1612846.33,67201.93041666667,0.0
2025-10-30,NO2,HOUSEHOLD,27240715.39,1135029.8079166666,0.0
2025-10-30,NO2,PRIMARY,2008741.554,83697.56475,0.0
2025-10-30,NO2,SECONDARY,54033892.9,2251412.2041666666,0.0
2025-10-30,NO2,TERTIARY,16189661.8,674569.2416666667,0.0
2025-10-30,NO3,CABIN,1260928.642,52538.69341666667,0.0
2025-10-30,NO3,HOUSEHOLD,20052657.91,835527.4129166667,0.0
2025-10-30,NO3,PRIMARY,2322120.035,96755.00145833334,0.0
2025-10-30,NO3,SECONDARY,45935636.9,1913984.8708333333,0.0
2025-10-30,NO3,TERTIARY,17204300.87,716845.8695833334,0.0
2025-10-30,NO4,CABIN,1050539.33,43772.472083333334,0.0
2025-10-30,NO4,HOUSEHOLD,13310308.54,554596.1891666666,0.0
2025-10-30,NO4,PRIMARY,1504199.1539999999,62674.96474999999,0.0
2025-10-30,NO4,SECONDARY,29619629.7,1234151.2375,0.0
2025-10-30,NO4,TERTIARY,11550239.86,481259.99416666664,0.0
2025-10-30,NO5,CABIN,1034835.491,43118.14545833333,0.0
2025-10-30,NO5,HOUSEHOLD,11100357.42,462514.8925,0.0
2025-10-30,NO5,PRIMARY,344160.66,14340.027499999998,0.0
2025-10-30,NO5,SECONDARY,26299063.7,1095794.3208333333,0.0
2025-10-30,NO5,TERTIARY,7779040.99,324126.7079166667,0.0
2025-10-31,NO1,CABIN,2777236.645,115718.19354166667,0.0
2025-10-31,NO1,HOUSEHOLD,51804408.9,2158517.0375,0.0
2025-10-31,NO1,PRIMARY,1233352.159,51389.673291666666,0.0
2025-10-31,NO1,SECONDARY,19727513.38,821979.7241666666,0.0
2025-10-31,NO1,TERTIARY,33160157.6,1381673.2333333334,0.0
2025-10-31,NO2,CABIN,1972271.481,82177.97837499999,0.0
2025-10-31,NO2,HOUSEHOLD,28653500.4,1193895.8499999999,0.0
2025-10-31,NO2,PRIMARY,2029629.226,84567.88441666667,0.0
2025-10-31,NO2,SECONDARY,50852951.8,2118872.9916666667,0.0
2025-10-31,NO2,TERTIARY,16620520.03,692521.6679166666,0.0
2025-10-31,NO3,CABIN,1430730.39,59613.76624999999,0.0
2025-10-31,NO3,HOUSEHOLD,20248348.1,843681.1708333334,0.0
2025-10-31,NO3,PRIMARY,2341005.157,97541.88154166668,0.0
2025-10-31,NO3,SECONDARY,45515011.1,1896458.7958333334,0.0
2025-10-31,NO3,TERTIARY,17080329.55,711680.3979166667,0.0
2025-10-31,NO4,CABIN,1187243.466,49468.47775,0.0
2025-10-31,NO4,HOUSEHOLD,13858860.290000001,577452.5120833333,0.0
2025-10-31,NO4,PRIMARY,1495526.219,62313.59245833333,0.0
2025-10-31,NO4,SECONDARY,29247447.6,1218643.6500000001,0.0
2025-10-31,NO4,TERTIARY,11792146.870000001,491339.4529166667,0.0
2025-10-31,NO5,CABIN,1284222.1300000001,53509.255416666674,0.0
2025-10-31,NO5,HOUSEHOLD,11467151.82,477797.9925,0.0
2025-10-31,NO5,PRIMARY,353963.369,14748.473708333333,0.0
2025-10-31,NO5,SECONDARY,26632126.9,1109671.9541666666,0.0
2025-10-31,NO5,TERTIARY,7815457.67,325644.06958333333,0.0
2025-11-01,NO1,CABIN,2690778.509,112115.77120833333,0.0
2025-11-01,NO1,HOUSEHOLD,49502614.7,2062608.9458333335,0.0
2025-11-01,NO1,PRIMARY,1201738.808,50072.450333333334,0.0
2025-11-01,NO1,SECONDARY,16059769.71,669157.07125,0.0
2025-11-01,NO1,TERTIARY,26643478.44,1110144.935,0.0
2025-11-01,NO2,CABIN,1791667.375,74652.80729166667,0.0
2025-11-01,NO2,HOUSEHOLD,26808229.6,1117009.5666666667,0.0
2025-11-01,NO2,PRIMARY,2020010.936,84167.12233333333,0.0
2025-11-01,NO2,SECONDARY,55143595.6,2297649.816666667,0.0
2025-11-01,NO2,TERTIARY,13346003.23,556083.4679166666,0.0
2025-11-01,NO3,CABIN,1312457.345,54685.722708333335,0.0
2025-11-01,NO3,HOUSEHOLD,18250086.74,760420.2808333333,0.0
2025-11-01,NO3,PRIMARY,2274572.086,94773.83691666667,0.0
2025-11-01,NO3,SECONDARY,43759591.3,1823316.3041666665,0.0
2025-11-01,NO3,TERTIARY,14383190.71,599299.6129166667,0.0
2025-11-01,NO4,CABIN,1299255.784,54135.657666666666,0.0
2025-11-01,NO4,HOUSEHOLD,14617519.0,609063.2916666666,0.0
2025-11-01,NO4,PRIMARY,1474086.529,61420.27204166667,0.0
2025-11-01,NO4,SECONDARY,28253218.1,1177217.4208333334,0.0
2025-11-01,NO4,TERTIARY,11075840.21,461493.34208333335,0.0
2025-11-01,NO5,CABIN,1195246.555,49801.939791666664,0.0
2025-11-01,NO5,HOUSEHOLD,10533004.27,438875.17791666667,0.0
2025-11-01,NO5,PRIMARY,338775.43,14115.642916666666,0.0
2025-11-01,NO5,SECONDARY,27560630.2,1148359.5916666666,0.0
2025-11-01,NO5,TERTIARY,6202563.77,258440.15708333332,0.0
2025-11-02,NO1,CABIN,2032944.153,84706.006375,0.0
2025-11-02,NO1,HOUSEHOLD,45806495.1,1908603.9625000001,0.0
2025-11-02,NO1,PRIMARY,1111625.883,46317.745124999994,0.0
2025-11-02,NO1,SECONDARY,14655177.33,610632.38875,0.0
2025-11-02,NO1,TERTIARY,24123490.74,1005145.4474999999,0.0
2025-11-02,NO2,CABIN,1485026.948,61876.122833333335,0.0
2025-11-02,NO2,HOUSEHOLD,26201347.45,1091722.8104166666,0.0
2025-11-02,NO2,PRIMARY,1960270.666,81677.94441666667,0.0
2025-11-02,NO2,SECONDARY,50121913.7,2088413.0708333335,0.0
2025-11-02,NO2,TERTIARY,12393855.94,516410.6641666666,0.0
2025-11-02,NO3,CABIN,1053895.75,43912.322916666664,0.0
2025-11-02,NO3,HOUSEHOLD,17370456.759999998,723769.0316666666,0.0
2025-11-02,NO3,PRIMARY,2239158.423,93298.267625,0.0
2025-11-02,NO3,SECONDARY,43641855.2,1818410.6333333335,0.0
2025-11-02,NO3,TERTIARY,13586141.04,566089.21,0.0
2025-11-02,NO4,CABIN,1123834.196,46826.42483333333,0.0
2025-11-02,NO4,HOUSEHOLD,13995659.23,583152.4679166666,0.0
2025-11-02,NO4,PRIMARY,1441134.216,60047.259,0.0
2025-11-02,NO4,SECONDARY,27973327.2,1165555.3,0.0
2025-11-02,NO4,TERTIARY,10313247.88,429718.6616666667,0.0
2025-11-02,NO5,CABIN,984621.41,41025.89208333333,0.0
2025-11-02,NO5,HOUSEHOLD,10640910.69,443371.27875,0.0
2025-11-02,NO5,PRIMARY,324195.283,13508.136791666666,0.0
2025-11-02,NO5,SECONDARY,26380213.7,1099175.5708333333,0.0
2025-11-02,NO5,TERTIARY,5975506.38,248979.4325,0.0
2025-11-03,NO1,CABIN,1828692.588,76195.5245,0.0
2025-11-03,NO1,HOUSEHOLD,44218089.9,1842420.4124999999,0.0
2025-11-03,NO1,PRIMARY,1111441.839,46310.076624999994,0.0
2025-11-03,NO1,SECONDARY,18020957.77,750873.2404166666,0.0
2025-11-03,NO1,TERTIARY,30444749.02,1268531.2091666667,0.0
2025-11-03,NO2,CABIN,1339406.657,55808.610708333326,0.0
2025-11-03,NO2,HOUSEHOLD,25462745.13,1060947.7137499999,0.0
2025-11-03,NO2,PRIMARY,2003148.645,83464.526875,0.0
2025-11-03,NO2,SECONDARY,51750731.0,2156280.4583333335,0.0
2025-11-03,NO2,TERTIARY,15684288.87,653512.03625,0.0
2025-11-03,NO3,CABIN,961806.904,40075.28766666666,0.0
2025-11-03,NO3,HOUSEHOLD,17137005.85,714041.9104166668,0.0
2025-11-03,NO3,PRIMARY,2267059.465,94460.81104166666,0.0
2025-11-03,NO3,SECONDARY,45828198.0,1909508.25,0.0
2025-11-03,NO3,TERTIARY,15695002.33,653958.4304166667,0.0
2025-11-03,NO4,CABIN,1003600.425,41816.684375000004,0.0
2025-11-03,NO4,HOUSEHOLD,13317148.03,554881.1679166666,0.0
2025-11-03,NO4,PRIMARY,1504824.488,62701.02033333333,0.0
2025-11-03,NO4,SECONDARY,29868442.5,1244518.4375,0.0
2025-11-03,NO4,TERTIARY,11492590.79,478857.9495833333,0.0
2025-11-03,NO5,CABIN,880331.552,36680.48133333334,0.0
2025-11-03,NO5,HOUSEHOLD,10328869.36,430369.55666666664,0.0
2025-11-03,NO5,PRIMARY,333740.663,13905.860958333333,0.0
2025-11-03,NO5,SECONDARY,27116591.8,1129857.9916666667,0.0
2025-11-03,NO5,TERTIARY,7284108.25,303504.5104166667,0.0
2025-11-04,NO1,CABIN,1578586.423,65774.43429166666,0.0
2025-11-04,NO1,HOUSEHOLD,40334865.3,1680619.3875,0.0
2025-11-04,NO1,PRIMARY,1070298.442,44595.768416666666,0.0
2025-11-04,NO1,SECONDARY,17632922.25,734705.09375,0.0
2025-11-04,NO1,TERTIARY,28855087.5,1202295.3125,0.0
2025-11-04,NO2,CABIN,1163797.512,48491.563,0.0
2025-11-04,NO2,HOUSEHOLD,23414861.8,975619.2416666667,0.0
2025-11-04,NO2,PRIMARY,1990039.203,82918.300125,0.0
2025-11-04,NO2,SECONDARY,54805794.8,2283574.783333333,0.0
2025-11-04,NO2,TERTIARY,14850210.89,618758.7870833334,0.0
2025-11-04,NO3,CABIN,875442.3640000001,36476.76516666667,0.0
2025-11-04,NO3,HOUSEHOLD,16207932.0,675330.5,0.0
2025-11-04,NO3,PRIMARY,2248433.155,93684.71479166666,0.0
2025-11-04,NO3,SECONDARY,45691693.7,1903820.5708333335,0.0
2025-11-04,NO3,TERTIARY,15303982.91,637665.9545833333,0.0
2025-11-04,NO4,CABIN,1026922.603,42788.441791666664,0.0
2025-11-04,NO4,HOUSEHOLD,13437794.32,559908.0966666667,0.0
2025-11-04,NO4,PRIMARY,1515049.774,63127.07391666667,0.0
2025-11-04,NO4,SECONDARY,28630929.6,1192955.4000000001,0.0
2025-11-04,NO4,TERTIARY,11522917.18,480121.54916666663,0.0
2025-11-04,NO5,CABIN,787604.749,32816.86454166666,0.0
2025-11-04,NO5,HOUSEHOLD,9617039.23,400709.9679166667,0.0
2025-11-04,NO5,PRIMARY,333490.725,13895.446875,0.0
2025-11-04,NO5,SECONDARY,27743732.1,1155988.8375000001,0.0
2025-11-04,NO5,TERTIARY,6938240.1,289093.33749999997,0.0
2025-11-05,NO1,CABIN,1491450.637,62143.77654166667,0.0
2025-11-05,NO1,HOUSEHOLD,38572383.3,1607182.6375,0.0
2025-11-05,NO1,PRIMARY,1060673.949,44194.747875,0.0
2025-11-05,NO1,SECONDARY,16547928.4,689497.0166666667,0.0
2025-11-05,NO1,TERTIARY,28529110.8,1188712.95,0.0
2025-11-05,NO2,CABIN,1121512.893,46729.703875,0.0
2025-11-05,NO2,HOUSEHOLD,22698222.64,945759.2766666667,0.0
2025-11-05,NO2,PRIMARY,1973186.8969999999,82216.12070833333,0.0
2025-11-05,NO2,SECONDARY,54203155.2,2258464.8000000003,0.0
2025-11-05,NO2,TERTIARY,14669989.52,611249.5633333334,0.0
2025-11-05,NO3,CABIN,866295.58,36095.64916666666,0.0
2025-11-05,NO3,HOUSEHOLD,16293417.69,678892.4037499999,0.0
2025-11-05,NO3,PRIMARY,2243032.337,93459.68070833333,0.0
2025-11-05,NO3,SECONDARY,45265744.0,1886072.6666666667,0.0
2025-11-05,NO3,TERTIARY,15418728.56,642447.0233333333,0.0
2025-11-05,NO4,CABIN,943214.003,39300.583458333334,0.0
2025-11-05,NO4,HOUSEHOLD,12637317.14,526554.8808333334,0.0
2025-11-05,NO4,PRIMARY,1497982.043,62415.91845833333,0.0
2025-11-05,NO4,SECONDARY,28352023.4,1181334.3083333333,0.0
2025-11-05,NO4,TERTIARY,11078317.91,461596.57958333334,0.0
2025-11-05,NO5,CABIN,753707.52,31404.48,0.0
2025-11-05,NO5,HOUSEHOLD,9283604.76,386816.865,0.0
2025-11-05,NO5,PRIMARY,330057.196,13752.383166666667,0.0
2025-11-05,NO5,SECONDARY,27129341.9,1130389.2458333333,0.0
2025-11-05,NO5,TERTIARY,6827483.41,284478.47541666665,0.0
2025-11-06,NO1,CABIN,1612113.151,67171.38129166666,0.0
2025-11-06,NO1,HOUSEHOLD,38574213.0,1607258.875,0.0
2025-11-06,NO1,PRIMARY,1065928.441,44413.68504166667,0.0
2025-11-06,NO1,SECONDARY,17462090.22,727587.0924999999,0.0
2025-11-06,NO1,TERTIARY,28694107.45,1195587.8104166666,0.0
2025-11-06,NO2,CABIN,1183897.86,49329.07750000001,0.0
2025-11-06,NO2,HOUSEHOLD,22291594.37,928816.4320833334,0.0
2025-11-06,NO2,PRIMARY,1963796.661,81824.860875,0.0
2025-11-06,NO2,SECONDARY,53487381.0,2228640.875,0.0
2025-11-06,NO2,TERTIARY,14507221.459999999,604467.5608333333,0.0
2025-11-06,NO3,CABIN,977122.221,40713.425875,0.0
2025-11-06,NO3,HOUSEHOLD,16847835.89,701993.1620833334,0.0
2025-11-06,NO3,PRIMARY,2261334.558,94222.27325000001,0.0
2025-11-06,NO3,SECONDARY,46455635.2,1935651.4666666668,0.0
2025-11-06,NO3,TERTIARY,15667579.11,652815.79625,0.0
2025-11-06,NO4,CABIN,958532.333,39938.84720833333,0.0
2025-11-06,NO4,HOUSEHOLD,12603910.91,525162.9545833333,0.0
2025-11-06,NO4,PRIMARY,1488772.5,62032.1875,0.0
2025-11-06,NO4,SECONDARY,29792436.4,1241351.5166666666,0.0
2025-11-06,NO4,TERTIARY,11080074.57,461669.77375,0.0
2025-11-06,NO5,CABIN,809852.546,33743.85608333333,0.0
2025-11-06,NO5,HOUSEHOLD,9131253.59,380468.89958333335,0.0
2025-11-06,NO5,PRIMARY,331609.839,13817.076625,0.0
2025-11-06,NO5,SECONDARY,27156102.2,1131504.2583333333,0.0
2025-11-06,NO5,TERTIARY,6836003.57,284833.48208333337,0.0
2025-11-07,NO1,CABIN,1866111.418,77754.64241666667,0.0
2025-11-07,NO1,HOUSEHOLD,38768175.6,1615340.6500000001,0.0
2025-11-07,NO1,PRIMARY,1046962.904,43623.454333333335,0.0
2025-11-07,NO1,SECONDARY,16449845.06,685410.2108333333,0.0
2025-11-07,NO1,TERTIARY,28584673.3,1191028.0541666667,0.0
2025-11-07,NO2,CABIN,1399295.84,58303.99333333334,0.0
2025-11-07,NO2,HOUSEHOLD,22435174.12,934798.9216666667,0.0
2025-11-07,NO2,PRIMARY,1957716.651,81571.52712500001,0.0
2025-11-07,NO2,SECONDARY,53514670.2,2229777.9250000003,0.0
2025-11-07,NO2,TERTIARY,14436290.68,601512.1116666667,0.0
2025-11-07,NO3,CABIN,1087594.364,45316.431833333336,0.0
2025-11-07,NO3,HOUSEHOLD,16853955.57,702248.14875,0.0
2025-11-07,NO3,PRIMARY,2249101.231,93712.55129166668,0.0
2025-11-07,NO3,SECONDARY,45523734.0,1896822.25,0.0
2025-11-07,NO3,TERTIARY,15506752.75,646114.6979166666,0.0
2025-11-07,NO4,CABIN,1071674.838,44653.11825,0.0
2025-11-07,NO4,HOUSEHOLD,13053214.92,543883.955,0.0
2025-11-07,NO4,PRIMARY,1473166.54,61381.93916666667,0.0
2025-11-07,NO4,SECONDARY,29514233.9,1229759.7458333333,0.0
2025-11-07,NO4,TERTIARY,11349317.0,472888.2083333333,0.0
2025-11-07,NO5,CABIN,912139.225,38005.801041666666,0.0
2025-11-07,NO5,HOUSEHOLD,8929741.68,372072.57,0.0
2025-11-07,NO5,PRIMARY,327297.318,13637.388250000002,0.0
2025-11-07,NO5,SECONDARY,26863991.04,1119332.96,0.0
2025-11-07,NO5,TERTIARY,6650419.22,277100.80083333334,0.0
2025-11-08,NO1,CABIN,2129167.414,88715.30891666666,0.0
2025-11-08,NO1,HOUSEHOLD,41282444.4,1720101.8499999999,0.0
2025-11-08,NO1,PRIMARY,1050940.601,43789.19170833333,0.0
2025-11-08,NO1,SECONDARY,14289016.48,595375.6866666666,0.0
2025-11-08,NO1,TERTIARY,24416323.95,1017346.8312499999,0.0
2025-11-08,NO2,CABIN,1604547.234,66856.13475,0.0
2025-11-08,NO2,HOUSEHOLD,23800378.240000002,991682.4266666668,0.0
2025-11-08,NO2,PRIMARY,1995446.629,83143.60954166666,0.0
2025-11-08,NO2,SECONDARY,52053261.9,2168885.9125,0.0
2025-11-08,NO2,TERTIARY,12420951.79,517539.65791666665,0.0
2025-11-08,NO3,CABIN,1099412.145,45808.839375,0.0
2025-11-08,NO3,HOUSEHOLD,16501345.01,687556.0420833334,0.0
2025-11-08,NO3,PRIMARY,2217799.753,92408.32304166666,0.0
2025-11-08,NO3,SECONDARY,44676381.8,1861515.9083333332,0.0
2025-11-08,NO3,TERTIARY,13802141.85,575089.24375,0.0
2025-11-08,NO4,CABIN,1219898.671,50829.11129166667,0.0
2025-11-08,NO4,HOUSEHOLD,14160905.69,590037.7370833333,0.0
2025-11-08,NO4,PRIMARY,1465747.498,61072.81241666666,0.0
2025-11-08,NO4,SECONDARY,28153985.2,1173082.7166666666,0.0
2025-11-08,NO4,TERTIARY,7068078.15,294503.25625000003,0.0
2025-11-08,NO5,CABIN,1039176.5260000001,43299.02191666667,0.0
2025-11-08,NO5,HOUSEHOLD,9325575.48,388565.645,0.0
2025-11-08,NO5,PRIMARY,325229.309,13551.221208333334,0.0
2025-11-08,NO5,SECONDARY,26759795.1,1114991.4625000001,0.0
2025-11-08,NO5,TERTIARY,5822962.64,242623.44333333333,0.0
2025-11-09,NO1,CABIN,1908245.5,79510.22916666667,0.0
2025-11-09,NO1,HOUSEHOLD,45353134.5,1889713.9375,0.0
2025-11-09,NO1,PRIMARY,1078841.933,44951.747208333334,0.0
2025-11-09,NO1,SECONDARY,14796365.98,616515.2491666666,0.0
2025-11-09,NO1,TERTIARY,24085891.46,1003578.8108333334,0.0
2025-11-09,NO2,CABIN,1414792.107,58949.671125,0.0
2025-11-09,NO2,HOUSEHOLD,25095810.06,1045658.7525,0.0
2025-11-09,NO2,PRIMARY,1988336.075,82847.33645833333,0.0
2025-11-09,NO2,SECONDARY,51543183.4,2147632.6416666666,0.0
2025-11-09,NO2,TERTIARY,11829175.540000001,492882.3141666667,0.0
2025-11-09,NO3,CABIN,1020619.102,42525.79591666666,0.0
2025-11-09,NO3,HOUSEHOLD,17353288.26,723053.6775000001,0.0
2025-11-09,NO3,PRIMARY,2236332.588,93180.5245,0.0
2025-11-09,NO3,SECONDARY,44599443.3,1858310.1375,0.0
2025-11-09,NO3,TERTIARY,13520909.39,563371.2245833334,0.0
2025-11-09,NO4,CABIN,1268747.431,52864.47629166667,0.0
2025-11-09,NO4,HOUSEHOLD,15374366.41,640598.6004166667,0.0
2025-11-09,NO4,PRIMARY,1497155.727,62381.488625,0.0
2025-11-09,NO4,SECONDARY,28796602.8,1199858.45,0.0
2025-11-09,NO4,TERTIARY,-84972058.67999999,-3540502.445,0.0
2025-11-09,NO5,CABIN,896536.543,37355.68929166666,0.0
2025-11-09,NO5,HOUSEHOLD,9725726.36,405238.5983333333,0.0
2025-11-09,NO5,PRIMARY,328838.951,13701.622958333333,0.0
2025-11-09,NO5,SECONDARY,26480264.7,1103344.3625,0.0
2025-11-09,NO5,TERTIARY,5561787.61,231741.15041666667,0.0
2025-11-10,NO1,CABIN,1725054.641,71877.27670833333,0.0
2025-11-10,NO1,HOUSEHOLD,45722447.6,1905101.9833333334,0.0
2025-11-10,NO1,PRIMARY,1113329.779,46388.74079166667,0.0
2025-11-10,NO1,SECONDARY,18509419.2,771225.7999999999,0.0
2025-11-10,NO1,TERTIARY,31092729.84,1295530.41,0.0
2025-11-10,NO2,CABIN,1253489.388,52228.724500000004,0.0
2025-11-10,NO2,HOUSEHOLD,25015126.14,1042296.9225,0.0
2025-11-10,NO2,PRIMARY,2017127.517,84046.979875,0.0
2025-11-10,NO2,SECONDARY,53450997.3,2227124.8874999997,0.0
2025-11-10,NO2,TERTIARY,15473970.67,644748.7779166667,0.0
2025-11-10,NO3,CABIN,965440.831,40226.701291666664,0.0
2025-11-10,NO3,HOUSEHOLD,17467498.13,727812.4220833333,0.0
2025-11-10,NO3,PRIMARY,2295213.557,95633.89820833334,0.0
2025-11-10,NO3,SECONDARY,46588443.5,1941185.1458333333,0.0
2025-11-10,NO3,TERTIARY,15856629.39,660692.89125,0.0
2025-11-10,NO4,CABIN,1244928.8969999999,51872.03737499999,0.0
2025-11-10,NO4,HOUSEHOLD,15507025.01,646126.0420833334,0.0
2025-11-10,NO4,PRIMARY,1606958.996,66956.62483333334,0.0
2025-11-10,NO4,SECONDARY,30493528.5,1270563.6875,0.0
2025-11-10,NO4,TERTIARY,12736607.32,530691.9716666667,0.0
2025-11-10,NO5,CABIN,803518.973,33479.95720833333,0.0
2025-11-10,NO5,HOUSEHOLD,9643568.51,401815.3545833333,0.0
2025-11-10,NO5,PRIMARY,340300.883,14179.203458333332,0.0
2025-11-10,NO5,SECONDARY,26966483.4,1123603.4749999999,0.0
2025-11-10,NO5,TERTIARY,6985970.24,291082.0933333333,0.0
2025-11-11,NO1,CABIN,1798522.469,74938.43620833334,0.0
2025-11-11,NO1,HOUSEHOLD,44757320.5,1864888.3541666667,0.0
2025-11-11,NO1,PRIMARY,1098804.992,45783.541333333334,0.0
2025-11-11,NO1,SECONDARY,17930087.08,747086.9616666666,0.0
2025-11-11,NO1,TERTIARY,30616305.04,1275679.3766666667,0.0
2025-11-11,NO2,CABIN,1286068.884,53586.2035,0.0
2025-11-11,NO2,HOUSEHOLD,25114376.27,1046432.3445833334,0.0
2025-11-11,NO2,PRIMARY,2024922.558,84371.77325,0.0
2025-11-11,NO2,SECONDARY,53615404.5,2233975.1875,0.0
2025-11-11,NO2,TERTIARY,15393754.9,641406.4541666667,0.0
2025-11-11,NO3,CABIN,970411.24,40433.801666666666,0.0
2025-11-11,NO3,HOUSEHOLD,17480190.88,728341.2866666666,0.0
2025-11-11,NO3,PRIMARY,2292460.674,95519.19475000001,0.0
2025-11-11,NO3,SECONDARY,47176116.7,1965671.5291666668,0.0
2025-11-11,NO3,TERTIARY,15934037.68,663918.2366666667,0.0
2025-11-11,NO4,CABIN,1352497.082,56354.04508333333,0.0
2025-11-11,NO4,HOUSEHOLD,16434333.9,684763.9125,0.0
2025-11-11,NO4,PRIMARY,1646874.902,68619.78758333334,0.0
2025-11-11,NO4,SECONDARY,30085598.5,1253566.6041666667,0.0
2025-11-11,NO4,TERTIARY,13123865.05,546827.7104166667,0.0
2025-11-11,NO5,CABIN,844023.471,35167.644625,0.0
2025-11-11,NO5,HOUSEHOLD,9791782.4,407990.93333333335,0.0
2025-11-11,NO5,PRIMARY,345293.898,14387.24575,0.0
2025-11-11,NO5,SECONDARY,27351459.9,1139644.1624999999,0.0
2025-11-11,NO5,TERTIARY,7035680.82,293153.3675,0.0
2025-11-12,NO1,CABIN,1716175.17,71507.29875,0.0
2025-11-12,NO1,HOUSEHOLD,42686919.1,1778621.6291666667,0.0
2025-11-12,NO1,PRIMARY,1082487.332,45103.63883333333,0.0
2025-11-12,NO1,SECONDARY,17096519.09,712354.9620833333,0.0
2025-11-12,NO1,TERTIARY,29586950.75,1232789.6145833333,0.0
2025-11-12,NO2,CABIN,1259240.609,52468.35870833333,0.0
2025-11-12,NO2,HOUSEHOLD,24559729.28,1023322.0533333333,0.0
2025-11-12,NO2,PRIMARY,2031348.485,84639.52020833334,0.0
2025-11-12,NO2,SECONDARY,56830418.1,2367934.0875,0.0
2025-11-12,NO2,TERTIARY,15205330.02,633555.4175,0.0
2025-11-12,NO3,CABIN,992526.304,41355.26266666667,0.0
2025-11-12,NO3,HOUSEHOLD,17727527.95,738646.9979166667,0.0
2025-11-12,NO3,PRIMARY,2295321.5,95638.39583333333,0.0
2025-11-12,NO3,SECONDARY,46451702.5,1935487.6041666667,0.0
2025-11-12,NO3,TERTIARY,15747435.62,656143.1508333333,0.0
2025-11-12,NO4,CABIN,1361087.351,56711.97295833333,0.0
2025-11-12,NO4,HOUSEHOLD,16419187.27,684132.8029166666,0.0
2025-11-12,NO4,PRIMARY,1648157.7,68673.2375,0.0
2025-11-12,NO4,SECONDARY,29772637.6,1240526.5666666667,0.0
2025-11-12,NO4,TERTIARY,13161671.6,548402.9833333333,0.0
2025-11-12,NO5,CABIN,839282.869,34970.11954166667,0.0
2025-11-12,NO5,HOUSEHOLD,9894284.32,412261.8466666667,0.0
2025-11-12,NO5,PRIMARY,347157.80700000003,14464.908625000002,0.0
2025-11-12,NO5,SECONDARY,27834912.3,1159788.0125,0.0
2025-11-12,NO5,TERTIARY,7103308.66,295971.19416666665,0.0
2025-11-13,NO1,CABIN,2247446.751,93643.614625,0.0
2025-11-13,NO1,HOUSEHOLD,46676540.9,1944855.8708333333,0.0
2025-11-13,NO1,PRIMARY,1135083.962,47295.16508333333,0.0
2025-11-13,NO1,SECONDARY,18465518.05,769396.5854166667,0.0
2025-11-13,NO1,TERTIARY,31985293.490000002,1332720.5620833335,0.0
2025-11-13,NO2,CABIN,1604465.095,66852.71229166667,0.0
2025-11-13,NO2,HOUSEHOLD,27065456.64,1127727.36,0.0
2025-11-13,NO2,PRIMARY,2089973.438,87082.22658333334,0.0
2025-11-13,NO2,SECONDARY,56331433.2,2347143.0500000003,0.0
2025-11-13,NO2,TERTIARY,16600390.92,691682.955,0.0
2025-11-13,NO3,CABIN,1249929.099,52080.379125,0.0
2025-11-13,NO3,HOUSEHOLD,20019913.18,834163.0491666667,0.0
2025-11-13,NO3,PRIMARY,2377956.912,99081.538,0.0
2025-11-13,NO3,SECONDARY,48075156.2,2003131.5083333335,0.0
2025-11-13,NO3,TERTIARY,17060137.4,710839.0583333332,0.0
2025-11-13,NO4,CABIN,1342836.882,55951.53675,0.0
2025-11-13,NO4,HOUSEHOLD,16172975.27,673873.9695833334,0.0
2025-11-13,NO4,PRIMARY,1646503.374,68604.30725,0.0
2025-11-13,NO4,SECONDARY,30189170.5,1257882.1041666667,0.0
2025-11-13,NO4,TERTIARY,13130920.93,547121.7054166667,0.0
2025-11-13,NO5,CABIN,1089877.374,45411.557250000005,0.0
2025-11-13,NO5,HOUSEHOLD,11307045.379999999,471126.8908333333,0.0
2025-11-13,NO5,PRIMARY,355912.271,14829.677958333334,0.0
2025-11-13,NO5,SECONDARY,28513262.0,1188052.5833333333,0.0
2025-11-13,NO5,TERTIARY,7961540.44,331730.8516666667,0.0
2025-11-14,NO1,CABIN,3080577.755,128357.40645833332,0.0
2025-11-14,NO1,HOUSEHOLD,54676417.2,2278184.0500000003,0.0
2025-11-14,NO1,PRIMARY,1209447.25,50393.635416666664,0.0
2025-11-14,NO1,SECONDARY,19783245.55,824301.8979166667,0.0
2025-11-14,NO1,TERTIARY,34962546.0,1456772.75,0.0
2025-11-14,NO2,CABIN,2277620.338,94900.84741666667,0.0
2025-11-14,NO2,HOUSEHOLD,31262150.8,1302589.6166666667,0.0
2025-11-14,NO2,PRIMARY,2127817.24,88659.05166666668,0.0
2025-11-14,NO2,SECONDARY,54646152.3,2276923.0124999997,0.0
2025-11-14,NO2,TERTIARY,18194964.86,758123.5358333333,0.0
2025-11-14,NO3,CABIN,1519791.663,63324.652624999995,0.0
2025-11-14,NO3,HOUSEHOLD,21682314.52,903429.7716666666,0.0
2025-11-14,NO3,PRIMARY,2443223.13,101800.96375,0.0
2025-11-14,NO3,SECONDARY,47630099.5,1984587.4791666667,0.0
2025-11-14,NO3,TERTIARY,17936692.25,747362.1770833334,0.0
2025-11-14,NO4,CABIN,1461600.903,60900.037625,0.0
2025-11-14,NO4,HOUSEHOLD,16847151.0,701964.625,0.0
2025-11-14,NO4,PRIMARY,1633063.273,68044.30304166667,0.0
2025-11-14,NO4,SECONDARY,30475633.5,1269818.0625,0.0
2025-11-14,NO4,TERTIARY,13524643.37,563526.8070833333,0.0
2025-11-14,NO5,CABIN,1438044.838,59918.534916666664,0.0
2025-11-14,NO5,HOUSEHOLD,12806444.78,533601.8658333333,0.0
2025-11-14,NO5,PRIMARY,378688.867,15778.702791666668,0.0
2025-11-14,NO5,SECONDARY,27277831.3,1136576.3041666667,0.0
2025-11-14,NO5,TERTIARY,8739297.25,364137.3854166667,0.0
2025-11-15,NO1,CABIN,3429735.93,142905.66375,0.0
2025-11-15,NO1,HOUSEHOLD,59054878.7,2460619.9458333333,0.0
2025-11-15,NO1,PRIMARY,1271642.546,52985.10608333334,0.0
2025-11-15,NO1,SECONDARY,16780694.0,699195.5833333334,0.0
2025-11-15,NO1,TERTIARY,30542791.3,1272616.3041666667,0.0
2025-11-15,NO2,CABIN,2643751.185,110156.299375,0.0
2025-11-15,NO2,HOUSEHOLD,33911725.0,1412988.5416666667,0.0
2025-11-15,NO2,PRIMARY,2155773.624,89823.901,0.0
2025-11-15,NO2,SECONDARY,51692823.4,2153867.6416666666,0.0
2025-11-15,NO2,TERTIARY,16093124.31,670546.8462500001,0.0
2025-11-15,NO3,CABIN,1561647.057,65068.627375000004,0.0
2025-11-15,NO3,HOUSEHOLD,21789219.26,907884.1358333334,0.0
2025-11-15,NO3,PRIMARY,2421860.571,100910.857125,0.0
2025-11-15,NO3,SECONDARY,46041478.3,1918394.9291666665,0.0
2025-11-15,NO3,TERTIARY,15908487.26,662853.6358333334,0.0
2025-11-15,NO4,CABIN,1434425.079,59767.711624999996,0.0
2025-11-15,NO4,HOUSEHOLD,16490024.01,687084.33375,0.0
2025-11-15,NO4,PRIMARY,1581545.418,65897.72575,0.0
2025-11-15,NO4,SECONDARY,28806666.2,1200277.7583333333,0.0
2025-11-15,NO4,TERTIARY,12116809.1,504867.04583333334,0.0
2025-11-15,NO5,CABIN,1625131.606,67713.81691666666,0.0
2025-11-15,NO5,HOUSEHOLD,13734722.37,572280.09875,0.0
2025-11-15,NO5,PRIMARY,383554.847,15981.451958333333,0.0
2025-11-15,NO5,SECONDARY,26928842.9,1122035.1208333333,0.0
2025-11-15,NO5,TERTIARY,7631062.66,317960.94416666665,0.0
2025-11-16,NO1,CABIN,2781734.3619999997,115905.59841666666,0.0
2025-11-16,NO1,HOUSEHOLD,58653566.1,2443898.5875,0.0
2025-11-16,NO1,PRIMARY,1236978.719,51540.77995833333,0.0
2025-11-16,NO1,SECONDARY,16617869.94,692411.2474999999,0.0
2025-11-16,NO1,TERTIARY,28499772.6,1187490.5250000001,0.0
2025-11-16,NO2,CABIN,2143625.889,89317.745375,0.0
2025-11-16,NO2,HOUSEHOLD,32865348.7,1369389.5291666666,0.0
2025-11-16,NO2,PRIMARY,2135421.517,88975.89654166666,0.0
2025-11-16,NO2,SECONDARY,52166521.5,2173605.0625,0.0
2025-11-16,NO2,TERTIARY,14591456.82,607977.3675,0.0
2025-11-16,NO3,CABIN,1399540.409,58314.18370833333,0.0
2025-11-16,NO3,HOUSEHOLD,21817196.92,909049.8716666667,0.0
2025-11-16,NO3,PRIMARY,2408853.757,100368.90654166667,0.0
2025-11-16,NO3,SECONDARY,45479492.2,1894978.8416666668,0.0
2025-11-16,NO3,TERTIARY,15383277.72,640969.905,0.0
2025-11-16,NO4,CABIN,1410760.242,58781.676750000006,0.0
2025-11-16,NO4,HOUSEHOLD,16988273.19,707844.71625,0.0
2025-11-16,NO4,PRIMARY,1594870.529,66452.93870833334,0.0
2025-11-16,NO4,SECONDARY,28854237.8,1202259.9083333334,0.0
2025-11-16,NO4,TERTIARY,12049099.09,502045.79541666666,0.0
2025-11-16,NO5,CABIN,1291148.423,53797.85095833333,0.0
2025-11-16,NO5,HOUSEHOLD,13129429.37,547059.5570833333,0.0
2025-11-16,NO5,PRIMARY,369108.414,15379.517249999999,0.0
2025-11-16,NO5,SECONDARY,27102558.2,1129273.2583333333,0.0
2025-11-16,NO5,TERTIARY,6946887.05,289453.6270833333,0.0
2025-11-17,NO1,CABIN,2687947.809,111997.825375,0.0
2025-11-17,NO1,HOUSEHOLD,59075562.5,2461481.7708333335,0.0
2025-11-17,NO1,PRIMARY,1302452.743,54268.864291666665,0.0
2025-11-17,NO1,SECONDARY,20460107.87,852504.4945833334,0.0
2025-11-17,NO1,TERTIARY,36208917.2,1508704.8833333335,0.0
2025-11-17,NO2,CABIN,2032130.357,84672.09820833334,0.0
2025-11-17,NO2,HOUSEHOLD,33027864.4,1376161.0166666666,0.0
2025-11-17,NO2,PRIMARY,2182391.556,90932.9815,0.0
2025-11-17,NO2,SECONDARY,54462392.2,2269266.341666667,0.0
2025-11-17,NO2,TERTIARY,18823084.82,784295.2008333333,0.0
2025-11-17,NO3,CABIN,1357595.569,56566.48204166666,0.0
2025-11-17,NO3,HOUSEHOLD,21826960.1,909456.6708333334,0.0
2025-11-17,NO3,PRIMARY,2458539.352,102439.13966666667,0.0
2025-11-17,NO3,SECONDARY,46946375.2,1956098.9666666668,0.0
2025-11-17,NO3,TERTIARY,17805702.11,741904.2545833333,0.0
2025-11-17,NO4,CABIN,1387461.358,57810.88991666667,0.0
2025-11-17,NO4,HOUSEHOLD,16878084.1,703253.5041666668,0.0
2025-11-17,NO4,PRIMARY,1665926.216,69413.59233333333,0.0
2025-11-17,NO4,SECONDARY,29470195.5,1227924.8125,0.0
2025-11-17,NO4,TERTIARY,13471846.57,561326.9404166667,0.0
2025-11-17,NO5,CABIN,1239365.912,51640.246333333336,0.0
2025-11-17,NO5,HOUSEHOLD,13478676.32,561611.5133333333,0.0
2025-11-17,NO5,PRIMARY,387844.13300000003,16160.172208333335,0.0
2025-11-17,NO5,SECONDARY,27784133.9,1157672.2458333333,0.0
2025-11-17,NO5,TERTIARY,8871249.78,369635.4075,0.0
2025-11-18,NO1,CABIN,2827965.295,117831.88729166666,0.0
2025-11-18,NO1,HOUSEHOLD,60596463.4,2524852.6416666666,0.0
2025-11-18,NO1,PRIMARY,1324102.105,55170.92104166667,0.0
2025-11-18,NO1,SECONDARY,20543230.76,855967.9483333334,0.0
2025-11-18,NO1,TERTIARY,37088520.1,1545355.0041666667,0.0
2025-11-18,NO2,CABIN,2172227.853,90509.493875,0.0
2025-11-18,NO2,HOUSEHOLD,34389656.3,1432902.3458333332,0.0
2025-11-18,NO2,PRIMARY,2205570.718,91898.77991666667,0.0
2025-11-18,NO2,SECONDARY,54758964.5,2281623.5208333335,0.0
2025-11-18,NO2,TERTIARY,19491712.35,812154.68125,0.0
2025-11-18,NO3,CABIN,1427341.217,59472.55070833333,0.0
2025-11-18,NO3,HOUSEHOLD,22462179.919999998,935924.1633333332,0.0
2025-11-18,NO3,PRIMARY,2482049.754,103418.73975000001,0.0
2025-11-18,NO3,SECONDARY,45406126.9,1891921.9541666666,0.0
2025-11-18,NO3,TERTIARY,17496069.16,729002.8816666667,0.0
2025-11-18,NO4,CABIN,1461844.726,60910.19691666667,0.0
2025-11-18,NO4,HOUSEHOLD,17547190.94,731132.9558333334,0.0
2025-11-18,NO4,PRIMARY,1684020.662,70167.52758333333,0.0
2025-11-18,NO4,SECONDARY,29470041.0,1227918.375,0.0
2025-11-18,NO4,TERTIARY,13803171.719999999,575132.1549999999,0.0
2025-11-18,NO5,CABIN,1315258.808,54802.450333333334,0.0
2025-11-18,NO5,HOUSEHOLD,13965042.83,581876.7845833333,0.0
2025-11-18,NO5,PRIMARY,399609.933,16650.413875000002,0.0
2025-11-18,NO5,SECONDARY,27373571.1,1140565.4625000001,0.0
2025-11-18,NO5,TERTIARY,9144913.6,381038.06666666665,0.0
2025-11-19,NO1,CABIN,3199258.801,133302.45004166666,0.0
2025-11-19,NO1,HOUSEHOLD,62956698.5,2623195.7708333335,0.0
2025-11-19,NO1,PRIMARY,1374857.981,57285.74920833333,0.0
2025-11-19,NO1,SECONDARY,20292122.24,845505.0933333333,0.0
2025-11-19,NO1,TERTIARY,38618878.6,1609119.9416666667,0.0
2025-11-19,NO2,CABIN,2539248.251,105802.01045833335,0.0
2025-11-19,NO2,HOUSEHOLD,37094452.4,1545602.1833333333,0.0
2025-11-19,NO2,PRIMARY,2246158.305,93589.929375,0.0
2025-11-19,NO2,SECONDARY,55746867.6,2322786.15,0.0
2025-11-19,NO2,TERTIARY,20547362.5,856140.1041666666,0.0
2025-11-19,NO3,CABIN,1591714.777,66321.44904166667,0.0
2025-11-19,NO3,HOUSEHOLD,23756589.87,989857.91125,0.0
2025-11-19,NO3,PRIMARY,2551674.989,106319.79120833334,0.0
2025-11-19,NO3,SECONDARY,44873669.1,1869736.2125000001,0.0
2025-11-19,NO3,TERTIARY,18164329.14,756847.0475,0.0
2025-11-19,NO4,CABIN,1520155.064,63339.79433333333,0.0
2025-11-19,NO4,HOUSEHOLD,18078629.740000002,753276.2391666668,0.0
2025-11-19,NO4,PRIMARY,1718194.169,71591.42370833333,0.0
2025-11-19,NO4,SECONDARY,28822433.2,1200934.7166666666,0.0
2025-11-19,NO4,TERTIARY,13931027.799999999,580459.4916666666,0.0
2025-11-19,NO5,CABIN,1543345.913,64306.07970833333,0.0
2025-11-19,NO5,HOUSEHOLD,15151723.56,631321.8150000001,0.0
2025-11-19,NO5,PRIMARY,417055.743,17377.322625,0.0
2025-11-19,NO5,SECONDARY,27090842.2,1128785.0916666666,0.0
2025-11-19,NO5,TERTIARY,9920263.03,413344.29291666666,0.0
2025-11-20,NO1,CABIN,3626950.28,151122.92833333332,0.0
2025-11-20,NO1,HOUSEHOLD,67625004.0,2817708.5,0.0
2025-11-20,NO1,PRIMARY,1443360.314,60140.01308333333,0.0
2025-11-20,NO1,SECONDARY,22001569.63,916732.0679166666,0.0
2025-11-20,NO1,TERTIARY,40089886.2,1670411.925,0.0
2025-11-20,NO2,CABIN,2884309.31,120179.55458333333,0.0
2025-11-20,NO2,HOUSEHOLD,39451704.2,1643821.0083333335,0.0
2025-11-20,NO2,PRIMARY,2319428.749,96642.86454166665,0.0
2025-11-20,NO2,SECONDARY,55049966.9,2293748.620833333,0.0
2025-11-20,NO2,TERTIARY,21484297.79,895179.0745833333,0.0
2025-11-20,NO3,CABIN,1722115.8059999999,71754.82525,0.0
2025-11-20,NO3,HOUSEHOLD,24668910.31,1027871.2629166666,0.0
2025-11-20,NO3,PRIMARY,2608322.539,108680.10579166666,0.0
2025-11-20,NO3,SECONDARY,45685475.5,1903561.4791666667,0.0
2025-11-20,NO3,TERTIARY,18574892.82,773953.8675,0.0
2025-11-20,NO4,CABIN,1578295.839,65762.326625,0.0
2025-11-20,NO4,HOUSEHOLD,18477993.98,769916.4158333334,0.0
2025-11-20,NO4,PRIMARY,1718607.512,71608.64633333334,0.0
2025-11-20,NO4,SECONDARY,29219858.8,1217494.1166666667,0.0
2025-11-20,NO4,TERTIARY,14148402.65,589516.7770833333,0.0
2025-11-20,NO5,CABIN,1741375.124,72557.29683333334,0.0
2025-11-20,NO5,HOUSEHOLD,16140298.9,672512.4541666667,0.0
2025-11-20,NO5,PRIMARY,431425.97000000003,17976.082083333335,0.0
2025-11-20,NO5,SECONDARY,26647076.2,1110294.8416666666,0.0
2025-11-20,NO5,TERTIARY,10380393.53,432516.3970833333,0.0
2025-11-21,NO1,CABIN,3679438.18,159975.57304347827,0.0
2025-11-21,NO1,HOUSEHOLD,66368788.2,2885599.486956522,0.0
2025-11-21,NO1,PRIMARY,1398369.506,60798.674173913045,0.0
2025-11-21,NO1,SECONDARY,19215498.8,835456.4695652174,0.0
2025-11-21,NO1,TERTIARY,37346033.4,1623740.5826086956,0.0
2025-11-21,NO2,CABIN,2954238.266,128445.14199999999,0.0
2025-11-21,NO2,HOUSEHOLD,38452240.9,1671836.5608695652,0.0
2025-11-21,NO2,PRIMARY,2230289.342,96969.10182608696,0.0
2025-11-21,NO2,SECONDARY,51476435.0,2238105.8695652173,0.0
2025-11-21,NO2,TERTIARY,20681754.35,899206.7108695653,0.0
2025-11-21,NO3,CABIN,1662026.037,72262.00160869565,0.0
2025-11-21,NO3,HOUSEHOLD,22895445.3,995454.143478261,0.0
2025-11-21,NO3,PRIMARY,2462994.982,107086.73834782607,0.0
2025-11-21,NO3,SECONDARY,45684373.5,1986277.108695652,0.0
2025-11-21,NO3,TERTIARY,17398107.02,756439.4356521739,0.0
2025-11-21,NO4,CABIN,1576311.824,68535.29669565217,0.0
2025-11-21,NO4,HOUSEHOLD,17982997.8,781869.4695652174,0.0
2025-11-21,NO4,PRIMARY,1619299.285,70404.31673913043,0.0
2025-11-21,NO4,SECONDARY,27272000.0,1185739.1304347827,0.0
2025-11-21,NO4,TERTIARY,13846278.74,602012.1191304348,0.0
2025-11-21,NO5,CABIN,1735054.129,75437.13604347825,0.0
2025-11-21,NO5,HOUSEHOLD,15503253.22,674054.4878260869,0.0
2025-11-21,NO5,PRIMARY,417778.25700000004,18164.272043478264,0.0
2025-11-21,NO5,SECONDARY,26028916.8,1131692.0347826087,0.0
2025-11-21,NO5,TERTIARY,9761268.05,424402.9586956522,0.0
